"Country","Issuer","Currency","Face value","Title","Type","Year range","Shape","Composition","Weight","Diameter","Year","Gregorian year","Mintmark","Quantity","Grade","Collection","From set","Estimate (INR)"
"Abkhazia","Abkhazia","Apsar","10","10 Apsars","Circulating commemorative banknotes","2024","Rectangular","Paper (Cotton Paper)","","150","2024","2024","","1","UNC","","","456.82"
"Afghanistan","Afghanistan","First Afghani (1923-2003)","5","5 Afghanis","Standard circulation coins","1973","Round","Nickel clad steel (90% Steel, 10% Nickel)","7.1","27.5","1352","1973","","1","VF","","","126.59"
"Afghanistan","Afghanistan","First Afghani (1923-2003)","100","100 Afghanis","Standard circulation banknotes","1979-1991","Rectangular","Paper","","142","1369","1990","","1","UNC","","","99.07"
"Algeria","Algeria","Dinar (1964-date)","0.5","50 Centimes (Hijra)","Circulating commemorative coins","1980","Round","Aluminium bronze","5","24","1400","1980","","1","VF","","","71.55"
"Angola","Angola","Kwanza (1977-1990)","0.5","50 Lwei","Standard circulation coins","1977-1979","Round","Copper-nickel","2","16","1979","1979","","1","F","","","42.93"
"Angola","Angola","Second Kwanza (1999-date)","10","10 Kwanzas","Standard circulation banknotes","2012","Rectangular","Paper","","145","2012","2012","","1","UNC","","","103.47"
"Antarctica","Antarctica","Dollar","1","1 Dollar (Emperor penguins; M/S Explorer)","Fantasy banknotes","2007","Rectangular","Polymer","","160","2007","2007","","1","","","",""
"Argentina","Argentina","Peso ley (1970-1983)","100","100 Pesos (magnetic)","Standard circulation coins","1980-1981","Round","Brass clad steel","7.9","27.2","1981","1981","BAˢ","1","VF","","","61.15"
"Australia","Australia","Dollar (1966-date)","0.01","1 Cent - Elizabeth II (2nd Portrait)","Standard circulation coins","1966-1984","Round","Bronze (97% Copper, 2.5% Zinc, 0.5% Tin)","2.59","17.53","1973","1973","","1","VF","","","22.02"
"Australia","Australia","Dollar (1966-date)","0.01","1 Cent - Elizabeth II (2nd Portrait)","Standard circulation coins","1966-1984","Round","Bronze (97% Copper, 2.5% Zinc, 0.5% Tin)","2.59","17.53","1976","1976","","1","VF","","","19.81"
"Australia","Australia","Dollar (1966-date)","0.01","1 Cent - Elizabeth II (2nd Portrait)","Standard circulation coins","1966-1984","Round","Bronze (97% Copper, 2.5% Zinc, 0.5% Tin)","2.59","17.53","1978","1978","","1","VF","","","18.71"
"Australia","Australia","Dollar (1966-date)","0.01","1 Cent - Elizabeth II (2nd Portrait)","Standard circulation coins","1966-1984","Round","Bronze (97% Copper, 2.5% Zinc, 0.5% Tin)","2.59","17.53","1981","1981","","1","UNC","","","159.61"
"Australia","Australia","Dollar (1966-date)","0.01","1 Cent - Elizabeth II (2nd Portrait)","Standard circulation coins","1966-1984","Round","Bronze (97% Copper, 2.5% Zinc, 0.5% Tin)","2.59","17.53","1984","1984","","1","VF","","","27.52"
"Australia","Australia","Dollar (1966-date)","0.02","2 Cents - Elizabeth II (2nd Portrait)","Standard circulation coins","1966-1984","Round","Bronze (97% Copper, 2.5% Zinc, 0.5% Tin)","5.18","21.59","1971","1971","","1","VF","","","31.92"
"Australia","Australia","Dollar (1966-date)","0.02","2 Cents - Elizabeth II (2nd Portrait)","Standard circulation coins","1966-1984","Round","Bronze (97% Copper, 2.5% Zinc, 0.5% Tin)","5.18","21.59","1981","1981","","1","UNC","","","85.86"
"Australia","Australia","Dollar (1966-date)","0.05","5 Cents - Elizabeth II (2nd Portrait)","Standard circulation coins","1966-1984","Round","Copper-nickel (75% Copper, 25% Nickel)","2.83","19.41","1970","1970","","1","VF","","","22.09"
"Australia","Australia","Dollar (1966-date)","0.05","5 Cents - Elizabeth II (2nd Portrait)","Standard circulation coins","1966-1984","Round","Copper-nickel (75% Copper, 25% Nickel)","2.83","19.41","1973","1973","","1","F","","","10.99"
"Australia","Australia","Dollar (1966-date)","0.05","5 Cents - Elizabeth II (2nd Portrait)","Standard circulation coins","1966-1984","Round","Copper-nickel (75% Copper, 25% Nickel)","2.83","19.41","1974","1974","","1","F","","","18.71"
"Australia","Australia","Dollar (1966-date)","0.05","5 Cents - Elizabeth II (2nd Portrait)","Standard circulation coins","1966-1984","Round","Copper-nickel (75% Copper, 25% Nickel)","2.83","19.41","1976","1976","","1","F","","","11.01"
"Australia","Australia","Dollar (1966-date)","0.05","5 Cents - Elizabeth II (2nd Portrait)","Standard circulation coins","1966-1984","Round","Copper-nickel (75% Copper, 25% Nickel)","2.83","19.41","1977","1977","","1","F","","","22.02"
"Australia","Australia","Dollar (1966-date)","0.05","5 Cents - Elizabeth II (2nd Portrait)","Standard circulation coins","1966-1984","Round","Copper-nickel (75% Copper, 25% Nickel)","2.83","19.41","1979","1979","","1","F","","","17.27"
"Australia","Australia","Dollar (1966-date)","0.05","5 Cents - Elizabeth II (2nd Portrait)","Standard circulation coins","1966-1984","Round","Copper-nickel (75% Copper, 25% Nickel)","2.83","19.41","1981","1981","","1","UNC","","","203.64"
"Australia","Australia","Dollar (1966-date)","0.1","10 Cents - Elizabeth II (2nd Portrait)","Standard circulation coins","1966-2019","Round","Copper-nickel (75% Copper, 25% Nickel)","5.66","23.6","1981","1981","","1","UNC","","","193.74"
"Australia","Australia","Dollar (1966-date)","0.1","10 Cents - Elizabeth II (2nd Portrait)","Standard circulation coins","1966-2019","Round","Copper-nickel (75% Copper, 25% Nickel)","5.66","23.6","1983","1983","","1","VF","","","22.02"
"Australia","Australia","Dollar (1966-date)","0.2","20 Cents - Elizabeth II (2nd Portrait)","Standard circulation coins","1966-1984","Round","Copper-nickel (75% Copper, 25% Nickel)","11.31","28.52","1981","1981","","1","UNC","","","203.64"
"Australia","Australia","Dollar (1966-date)","0.2","20 Cents - Elizabeth II (2nd Portrait)","Standard circulation coins","1966-1984","Round","Copper-nickel (75% Copper, 25% Nickel)","11.31","28.52","1981","1981","","1","VF","","","22.02"
"Australia","Australia","Dollar (1966-date)","0.5","50 Cents - Elizabeth II (2nd Portrait; Dodecagonal)","Standard circulation coins","1969-1984","Dodecagonal (12-sided)","Copper-nickel (75% Copper, 25% Nickel)","15.55","31.51","1981","1981","","1","UNC","","","241.07"
"Australia","Australia","Dollar (1966-date)","0.5","50 Cents - Elizabeth II (4th Portrait)","Standard circulation coins","1999-2019","Dodecagonal (12-sided)","Copper-nickel (75% Copper, 25% Nickel)","15.55","31.51","2008","2008","","1","XF","","","70.45"
"Austria","Austria","Second Schilling (1945-2001)","0.1","10 Groschen","Standard circulation coins","1951-2001","Round","Aluminium","1.1","19.8","1964","1964","","1","","","",""
"Austria","Austria","Euro (2002-date)","0.5","50 Euro Cents (2nd map)","Standard circulation coins","2008-2026","Round","Nordic gold (89% Copper, 5% Aluminium, 5% Zinc, 1% Tin)","7.8","24.25","2023","2023","","1","XF","","","55.04"
"Bahrain","Bahrain","Dinar (1965-date)","0.005","5 Fils","Standard circulation coins","1965-1976","Round","Bronze (97% Copper, 2.5% Zinc, 0.5% Tin)","2","18.5","1385","1965","","1","F","","","34.12"
"Bahrain","Bahrain","Dinar (1965-date)","0.005","5 Fils - Isa","Standard circulation coins","1992","Round","Brass","2.5","19","1412","1992","","1","VF","","","31.92"
"Bahrain","Bahrain","Dinar (1965-date)","0.01","10 Fils - Isa","Standard circulation coins","1965-1976","Round","Bronze (97.5% Copper, 0.5% Tin, 2% Zinc)","4.75","23.5","1385","1965","","1","XF","","","48.43"
"Bahrain","Bahrain","Dinar (1965-date)","0.01","10 Fils - Isa","Standard circulation coins","1965-1976","Round","Bronze (97.5% Copper, 0.5% Tin, 2% Zinc)","4.75","23.5","1385","1965","","1","VF","","","33.02"
"Bahrain","Bahrain","Dinar (1965-date)","0.01","10 Fils - Isa / Hamad","Standard circulation coins","1992-2000","Round","Brass","3.35","21","1412","1992","","1","VF","","","27.52"
"Bahrain","Bahrain","Dinar (1965-date)","0.025","25 Fils - Isa","Standard circulation coins","1965-1976","Round","Copper-nickel (75% Copper, 25% Nickel)","1.75","16.5","1385","1965","","1","VF","","","33.02"
"Bahrain","Bahrain","Dinar (1965-date)","0.025","25 Fils - Isa / Hamad","Standard circulation coins","1992-2000","Round","Copper-nickel","3.5","20","1412","1992","","1","VF","","","39.63"
"Bahrain","Bahrain","Dinar (1965-date)","0.05","50 Fils","Standard circulation coins","1965-1976","Round","Copper-nickel (75% Copper, 25% Nickel)","3.1","20","1385","1965","","1","VF","","","55.04"
"Bahrain","Bahrain","Dinar (1965-date)","0.05","50 Fils - Isa / Hamad","Standard circulation coins","1992-2000","Round","Copper-nickel","4.5","22","1412","1992","","1","VF","","","38.76"
"Bahrain","Bahrain","Dinar (1965-date)","0.1","100 Fils - Isa","Standard circulation coins","1965","Round","Copper-nickel (75% Copper, 25% Nickel)","6.5","25","1385","1965","","1","XF","","","71.55"
"Bahrain","Bahrain","Dinar (1965-date)","0.1","100 Fils - Isa","Standard circulation coins","1965","Round","Copper-nickel (75% Copper, 25% Nickel)","6.5","25","1385","1965","","1","VF","","","60.54"
"Bahrain","Bahrain","Dinar (1965-date)","0.1","100 Fils - Isa / Hamad","Standard circulation coins","1992-2001","Round","Bimetallic: copper-nickel centre in brass ring","6","24","1412","1992","","1","VF","","","77.15"
"Bahrain","Bahrain","Dinar (1965-date)","0.1","100 Fils - Isa / Hamad","Standard circulation coins","1992-2001","Round","Bimetallic: copper-nickel centre in brass ring","6","24","1415","1995","","1","XF","","","61.64"
"Bahrain","Bahrain","Dinar (1965-date)","0.1","100 Fils - Hamad (2nd type)","Standard circulation coins","2009-2018","Round","Bimetallic: copper-nickel centre in brass ring","6","24","1439","2018","","1","XF","","","110.08"
"Bahrain","Bahrain","Dinar (1965-date)","0.5","500 Fils - Hamad","Standard circulation coins","2000-2001","Round","Bimetallic: brass centre in copper-nickel ring","9","27","2000","2000","","1","VF","","","186.67"
"Bahrain","Bahrain","Dinar (1965-date)","0.5","500 Fils - Hamad","Standard circulation coins","2002","Round","Bimetallic: brass centre in copper-nickel ring","9","27","2002","2002","","1","VF","","","211.12"
"Bahrain","Bahrain","Dinar (1965-date)","0.1","100 Fils","Standard circulation banknotes","1964","Rectangular","Paper","","120","1964","1964","","1","","","",""
"Bahrain","Bahrain","Dinar (1965-date)","0.5","½ Dinar","Standard circulation banknotes","1973","Rectangular","Paper","","143","1973","1973","","1","","","",""
"Bahrain","Bahrain","Dinar (1965-date)","0.5","½ Dinar (Thick marks for the blind)","Standard circulation banknotes","2016-2022","Rectangular","Paper","","155","2006","2016","","1","VF","","","152.74"
"Bahrain","Bahrain","Dinar (1965-date)","1","1 Dinar","Standard circulation banknotes","1964","Rectangular","Paper","","147","1964","1964","","1","","","",""
"Bahrain","Bahrain","Dinar (1965-date)","1","1 Dinar","Standard circulation banknotes","1973","Rectangular","Paper","","148","1973","1973","","1","","","",""
"Bahrain","Bahrain","Dinar (1965-date)","5","5 Dinars","Standard circulation banknotes","1973","Rectangular","Paper","","152","1973","1973","","1","","","",""
"Bangladesh","Bangladesh","Taka (1972-date)","0.25","25 Poisha","Standard circulation coins","1977-1994","Round","Steel","2.65","19","1980","1980","","1","","","",""
"Bangladesh","Bangladesh","Taka (1972-date)","1","1 Taka","Standard circulation banknotes","1982-1993","Rectangular","Paper","","100","","1987-1988","","1","","","",""
"Bangladesh","Bangladesh","Taka (1972-date)","10","10 Taka","Standard circulation banknotes","1982-1995","Rectangular","Paper","","139","","1982","","1","","","",""
"Bangladesh","Bangladesh","Taka (1972-date)","10","10 Taka","Standard circulation banknotes","2002-2005","Rectangular","Paper","","130","2002","2002","","1","","","",""
"Belarus","Belarus","First Rouble (1992-2000)","25","25 Roubles","Standard circulation banknotes","1992","Rectangular","Paper","","105","1992","1992","","1","UNC","","","63.84"
"Belgium","Belgium","Franc (1832-2001)","1","1 Franc (Dutch text)","Standard circulation coins","1950-1988","Round","Copper-nickel (75% Copper, 25% Nickel)","4","21","1971","1971","","1","F","","","11.01"
"Belgium","Belgium","Franc (1832-2001)","1","1 Franc (French text)","Standard circulation coins","1950-1988","Round","Copper-nickel (75% Copper, 25% Nickel)","4","21","1975","1975","","1","VF","","","12.11"
"Belgium","Belgium","Franc (1832-2001)","20","20 Francs - Baudouin I (Dutch text)","Standard circulation coins","1980-1993","Round","Nickel brass (92% copper, 6% nickel, 2% aluminium)","8.56","25.65","1981","1981","","1","","","",""
"Belgium","Belgium","Euro (2002-date)","0.02","2 Euro Cents - Albert II (1st type, 1st portrait)","Standard circulation coins","1999-2007","Round","Copper plated steel","3.06","18.75","2000","2000","","1","","","",""
"Belgium","Belgium","Euro (2002-date)","0.05","5 Euro Cents - Albert II (1st type, 1st portrait)","Standard circulation coins","1999-2007","Round","Copper plated steel","3.92","21.25","1999","1999","","1","","","",""
"Belgium","Belgium","Euro (2002-date)","0.1","10 Euro Cents - Albert II (1st map, 1st type, 1st portrait)","Standard circulation coins","1999-2006","Round","Nordic gold (89% Copper, 5% Aluminium, 5% Zinc, 1% Tin)","4.1","19.75","2001","2001","","1","","","",""
"Belgium","Belgium","Euro (2002-date)","0.5","50 Euro Cents - Albert II (1st map, 1st type, 1st portrait)","Standard circulation coins","1999-2006","Round","Nordic gold","7.8","24.25","2004","2004","","1","","","",""
"Belize","Belize","Dollar (1973-date)","0.05","5 Cents - Elizabeth II (F.A.O.)","Circulating commemorative coins","1981","Round","Aluminium","1.045","20","1981","1981","","1","UNC","","","220.15"
"Bhutan","Bhutan","Rupee (1789-1957)","0.5","½ Rupee - Jigme Dorji (Original legend)","Standard circulation coins","1950-1968","Round","Nickel","5.085","24","27","1955","","1","","","",""
"Bhutan","Bhutan","Ngultrum (1974-date)","5","5 Ngultrum","Standard circulation banknotes","2006-2015","Rectangular","Paper","","125","2006","2006","","1","UNC","","","104.85"
"Botswana","Botswana","Pula (1976-date)","2","2 Pula","Standard circulation coins","2013-2022","Round","Bimetallic: bronze plated steel centre in nickel plated steel ring","7.3","27","2013","2013","","1","VF","","","160.71"
"Botswana","Botswana","Pula (1976-date)","5","5 Pula","Standard circulation coins","2013-2016","Round","Bimetallic: copper-nickel plated steel centre in brass plated steel ring","8.7","28","2013","2013","","1","F","","","40.73"
"Brazil","Brazil","Cruzeiro novo (1967-1986)","0.05","5 Centavos (FAO)","Circulating commemorative coins","1975-1978","Round","Stainless steel","2.7","21","1975","1975","","1","VF","","","51.82"
"British Crown dependencies","Guernsey","Pound (decimalized, 1971-date)","0.25","25 Pence - Elizabeth II (Royal Wedding)","Non-circulating coins","1981","Round","Copper-nickel","28.47","38.61","1981","1981","","1","UNC","","","550.39"
"British Crown dependencies","Isle of Man","Pound (decimalized, 1971-date)","0.25","1 Crown - Elizabeth II (Duke of Edinburgh Award Scheme - Duke)","Non-circulating coins","1981","Round","Copper-nickel","28.28","38.6","1981","1981","PM","1","AU","","",""
"British Crown dependencies","Isle of Man","Pound (decimalized, 1971-date)","0.25","1 Crown - Elizabeth II (Duke of Edinburgh Award Scheme - Monogram)","Non-circulating coins","1981","Round","Copper-nickel","28.28","38.61","1981","1981","PM","1","UNC","","","602.12"
"British Crown dependencies","Isle of Man","Pound (decimalized, 1971-date)","0.25","1 Crown - Elizabeth II (Sir Douglas Bader)","Non-circulating coins","1981","Round","Copper-nickel","28.28","38.61","1981","1981","PM","1","AU","","",""
"British Crown dependencies","Isle of Man","Pound (decimalized, 1971-date)","0.25","1 Crown - Elizabeth II (Sir Francis Chichester)","Non-circulating coins","1981","Round","Copper-nickel","28.28","38.61","1981","1981","PM","1","AU","","",""
"British Crown dependencies","Isle of Man","Pound (decimalized, 1971-date)","0.25","1 Crown - Elizabeth II (Wedding, 2nd variety)","Non-circulating coins","1981","Round","Copper-nickel","28.65","38.47","1981","1981","PM","1","AU","","","522.87"
"British Crown dependencies","Jersey","Pound (decimalized, 1971-date)","1","1 Pound - Elizabeth II (Battle of Jersey)","Circulating commemorative coins","1981","Square with rounded corners","Copper-nickel","9","30","1981","1981","","1","AU","","","489.11"
"Brunei","Brunei","Ringgit / Dollar (1967-date)","0.01","1 Sen - Hassanal Bolkiah (2nd portrait)","Standard circulation coins","2008-2016","Round","Brass","1.79","17.8","2014","2014","","1","VF","","","110.26"
"Brunei","Brunei","Ringgit / Dollar (1967-date)","0.2","20 Sen - Hassanal Bolkiah (1st portrait; without numeral 'I' in title)","Standard circulation coins","1977-1993","Round","Copper-nickel (75% Copper, 25% Nickel)","5.66","23.6","1981","1981","","1","VF","","","67.6"
"Brunei","Brunei","Ringgit / Dollar (1967-date)","0.2","20 Sen - Hassanal Bolkiah (3rd portrait; Golden Jubilee)","Circulating commemorative coins","2017-2021","Round","Copper-nickel","5.65","23.6","2019","2019","","1","XF","","",""
"Brunei","Brunei","Ringgit / Dollar (1967-date)","0.5","50 Sen - Hassanal Bolkiah (1st portrait; without numeral 'I' in title)","Standard circulation coins","1977-1993","Round","Copper-nickel (75% Copper, 25% Nickel)","9.33","27.76","1985","1985","","1","VF","","",""
"Brunei","Brunei","Ringgit / Dollar (1967-date)","1","1 Ringgit","Standard circulation banknotes","2011-2019","Rectangular","Polymer (Plastic)","","141","2011","2011","","1","VF","","","118.46"
"Brunei","Brunei","Ringgit / Dollar (1967-date)","1","1 Ringgit","Standard circulation banknotes","2011-2019","Rectangular","Polymer (Plastic)","","141","2019","2019","","1","AU","","","147.5"
"Burundi","Burundi","Franc (1962-date)","100","100 Francs (Small)","Standard circulation banknotes","2010-2024","Rectangular","Paper","","125","2011","2011","","1","UNC","","","79.44"
"Cambodia","Cambodia","Second riel (1979-date)","100","100 Riels - Norodom Sihamoni","Standard circulation banknotes","2014","Rectangular","Paper","","140","2014","2014","","1","UNC","","","55.15"
"Canada","Canada","Dollar (1858-date)","0.01","1 Cent - Elizabeth II (2nd portrait)","Standard circulation coins","1965-1978","Round","Bronze (98% copper, 0.5% tin, 1.5% zinc)","3.24","19.05","1978","1978","","1","","","",""
"Canada","Canada","Dollar (1858-date)","0.01","1 Cent - Elizabeth II (2nd portrait, 12 sided)","Standard circulation coins","1982-1989","Dodecagonal (12-sided)","Bronze (98% copper, 1.75% tin, 0.25% zinc)","2.5","19.1","1989","1989","","1","","","",""
"Canada","Canada","Dollar (1858-date)","0.01","1 Cent - Elizabeth II (3rd portrait, Confederation)","Circulating commemorative coins","1992","Dodecagonal (12-sided)","Bronze (98% copper, 1.75% tin, 0.25% zinc)","2.5","19.1","1992","1992","","1","","","",""
"Canada","Canada","Dollar (1858-date)","0.05","5 Cents - Elizabeth II (2nd portrait)","Standard circulation coins","1965-1978","Round","Nickel (99.9% nickel)","4.54","21.21","1973","1973","","1","","","",""
"Canada","Canada","Dollar (1858-date)","0.05","5 Cents - Elizabeth II (2nd portrait modified)","Standard circulation coins","1979-1981","Round","Nickel","4.54","21.21","1981","1981","","1","AU","","","81.46"
"Canada","Canada","Dollar (1858-date)","0.05","5 Cents - Elizabeth II (2nd portrait; Copper-nickel)","Standard circulation coins","1982-1989","Round","Copper-nickel (Cu 75%, Ni 25%)","4.6","21.2","1987","1987","","1","","","",""
"Canada","Canada","Dollar (1858-date)","0.05","5 Cents - Charles III","Standard circulation coins","2023-2026","Round","Nickel plated steel","3.95","21.2","2024","2024","","1","UNC","","","741.92"
"Canada","Canada","Dollar (1858-date)","0.05","5 Cents - Charles III","Standard circulation coins","2023-2026","Round","Nickel plated steel","3.95","21.2","2024","2024","","1","UNC","","","741.92"
"Canada","Canada","Dollar (1858-date)","0.1","10 Cents - Charles III","Standard circulation coins","2023-2026","Round","Nickel plated steel","1.75","18.03","2024","2024","","1","UNC","","","274.09"
"Canada","Canada","Dollar (1858-date)","0.25","25 Cents - Elizabeth II (4th portrait; RCM logo)","Standard circulation coins","2006-2022","Round","Nickel plated steel","4.4","23.88","2016","2016","","1","XF","","","20.19"
"Canada","Canada","Dollar (1858-date)","0.25","25 Cents - Charles III","Standard circulation coins","2023-2026","Round","Nickel plated steel","4.4","23.88","2024","2024","","1","UNC","","","460.12"
"Canada","Canada","Dollar (1858-date)","0.5","50 Cents - Charles III","Standard circulation coins","2023-2026","Round","Nickel plated steel","6.9","27.13","2024","2024","","1","UNC","","","920.24"
"Canada","Canada","Dollar (1858-date)","1","1 Dollar - Charles III (Royal Canadian Air Force)","Non-circulating coins","2024","Round","Silver (.9999)","23.17","36.07","2024","2024","","1","UNC","","","7847.26"
"Canada","Canada","Dollar (1858-date)","1","1 Dollar - Charles III (Proof)","Non-circulating coins","2024","Hendecagonal (11-sided)","Brass plated steel","6.27","26.5","2024","2024","","1","UNC","","","1466.23"
"Canada","Canada","Dollar (1858-date)","2","2 Dollars - Elizabeth II (3rd portrait; Maple leaf logo)","Standard circulation coins","1996-2003","Round","Bimetallic: aluminium bronze centre in nickel ring (outer ring 99% nickel, inner core 92% copper, 6% aluminium, 2% nickel)","7.3","28","1996","1996","","1","","","",""
"Canada","Canada","Dollar (1858-date)","2","2 Dollars - Charles III (Proof; Specimen)","Non-circulating coins","2024-2026","Round","Bimetallic: brass plated aluminium bronze centre in nickel plated steel ring","6.99","28.03","2024","2024","","1","UNC","","","1874.06"
"China","China, People's Republic of","Rénmínbì (1955-date)","1","1 Yuan","Standard circulation coins","1999-2018","Round","Nickel plated steel","6.1","25","2004","2004","","1","XF","","","36.33"
"China","China, People's Republic of","Rénmínbì (1955-date)","3","3 Yuan (Fu)","Non-circulating coins","2024","Square with rounded corners","Silver (.999)","8","23","2024","2024","","1","UNC","","","3716.2"
"China","China, People's Republic of","Rénmínbì (1955-date)","0.01","1 Fen","Standard circulation banknotes","1953","Rectangular","Paper","","90","1953","1953","","1","","","",""
"China","China, People's Republic of","Rénmínbì (1955-date)","0.1","1 Jiao","Standard circulation banknotes","1980","Rectangular","Paper","","115","1980","1980","","1","UNC","","","54.01"
"China","China, People's Republic of","Rénmínbì (1955-date)","1","1 Yuan","Standard circulation banknotes","1999","Rectangular","Paper","","131","1999","1999","","1","","","",""
"China","China, People's Republic of","Rénmínbì (1955-date)","2","2 Yuan","Standard circulation banknotes","1980-1990","Rectangular","Paper","","143","1990","1990","","1","","","",""
"China","Hong Kong","Dollar (1863-date)","0.1","10 Cents - Elizabeth II (2nd portrait)","Standard circulation coins","1982-1984","Round","Nickel brass","2","17.55","1982","1982","","1","","","",""
"China","Hong Kong","Dollar (1863-date)","0.1","10 Cents - Elizabeth II (3rd portrait)","Standard circulation coins","1985-1992","Round","Nickel brass (79% Copper, 20% Zinc, 1% Nickel)","2","17.5","1989","1989","","1","VF","","","19.67"
"China","Hong Kong","Dollar (1863-date)","0.2","20 Cents - Elizabeth II (2nd portrait)","Standard circulation coins","1975-1983","Scalloped (with 12 notches)","Nickel brass (79% Copper, 20% Zinc, 1% Nickel)","2.6","19","1975","1975","","1","","","",""
"China","Hong Kong","Dollar (1863-date)","0.5","50 Cents - Elizabeth II (2nd portrait)","Standard circulation coins","1977-1980","Round","Nickel brass (79% Copper, 20% Zinc, 1% Nickel)","4.9","22.5","1979","1979","","1","VF","","","33.02"
"China","Hong Kong","Dollar (1863-date)","1","1 Dollar - Elizabeth II (3rd portrait)","Standard circulation coins","1987-1992","Round","Copper-nickel (75% Copper, 25% Nickel)","7.1","25.5","1992","1992","","1","VF","","","41.64"
"China","Hong Kong","Dollar (1863-date)","2","2 Dollars - Elizabeth II (3rd portrait)","Standard circulation coins","1985-1992","Scalloped (with 12 notches)","Copper-nickel (75% Copper, 25% Nickel)","8.4","28","1990","1990","","1","VF","","","45.13"
"China","Hong Kong","Dollar (1863-date)","2","2 Dollars","Standard circulation coins","1993-2019","Scalloped (with 12 notches)","Copper-nickel","8.4","28","2012","2012","","1","F","","","28.4"
"Congo, Democratic Republic of the","Republic of the Congo (Léopoldville)","Zaire (1967-1993)","0.001","10 Sengi","Standard circulation coins","1967","Round","Aluminium (Aluminium 97%, Magnesium 3%)","0.7","16.99","1967","1967","","1","VF","","","56.39"
"Congo, Democratic Republic of the","Democratic Republic of the Congo","Franc (1998-date)","50","50 Francs","Standard circulation banknotes","2007-2022","Rectangular","Paper","","150","2020","2020","","1","UNC","","","70.45"
"Congo, Republic of the","Congo, Republic of the","CFA franc (Central bank of Equatorial African States and Cameroon, 1961-1973)","100","100 Francs CFA","Standard circulation coins","1971-1972","Round","Nickel","7","25.5","1971","1971","","1","F","","","165.12"
"Croatia","Croatia","Dinar (1991-1994)","1","1 Dinar","Standard circulation banknotes","1991","Rectangular","Paper","","105","1991","1991","","1","","","",""
"Croatia","Croatia","Dinar (1991-1994)","5","5 Dinara","Standard circulation banknotes","1991","Rectangular","Paper","","105","1991","1991","","1","","","",""
"Croatia","Croatia","Dinar (1991-1994)","10","10 Dinara","Standard circulation banknotes","1991","Rectangular","Paper","","105","1991","1991","","1","","","",""
"Croatia","Croatia","Dinar (1991-1994)","25","25 Dinara","Standard circulation banknotes","1991","Rectangular","Paper (Swedish krown paper)","","110","1991","1991","","1","","","",""
"Croatia","Croatia","Dinar (1991-1994)","100","100 Dinara","Standard circulation banknotes","1991","Rectangular","Paper","","110","1991","1991","","1","","","",""
"Cuba","Cuba","Cuban Peso (moneda nacional, 1914-date)","1","1 Peso (Track and Field)","Non-circulating coins","1981","Round","Copper-nickel","11.3","29.9","1981","1981","","1","XF","","","734.04"
"Cuba","Cuba","Cuban Peso (moneda nacional, 1914-date)","1","1 Peso (Boxing)","Non-circulating coins","1981","Round","Copper-nickel","11.3","29.9","1981","1981","","1","AU","","","592.33"
"Cuba","Cuba","Cuban Peso (moneda nacional, 1914-date)","3","3 Pesos (Che Guevara)","Circulating commemorative coins","1990-1992","Round","Copper-nickel (Copper 75%, Nickel 25%)","9","26.5","1990","1990","","1","VF","","","220.15"
"Cuba","Cuba","Cuban Peso (moneda nacional, 1914-date)","3","3 Pesos","Standard circulation banknotes","2004-2006","Rectangular","Paper","","150","2004","2004","","1","UNC","","","220.15"
"Cuba","Cuba","INTUR (visitor's coinage, 1981-1989)","0.05","5 Centavos (INTUR)","Standard circulation coins","1981-1989","Round","Copper-nickel","3.5","20","1981","1981","","1","VF","","","55.04"
"Cuba","Cuba","Euro","0","0 Euro - Che Guevara","Zero-euro banknotes","2022","Rectangular","Paper","","135","2022","2022","","1","UNC","","",""
"Cyprus","Cyprus","Pound (decimalized, 1983-2007)","0.02","2 Cents (Type 1 coat of arms; bordered value number)","Standard circulation coins","1985-1990","Round","Nickel brass","2.5","19","1988","1988","","1","UNC","","","55.04"
"Czech Republic","Czech Republic","Koruna (1993-date)","50","50 Korun","Standard circulation banknotes","1997","Rectangular","Paper","","134","1997","1997","","1","","","",""
"Denmark","Denmark","Krone (1873-date)","0.5","50 Øre","Standard circulation coins","1989-2023","Round","Bronze (97% Copper, 2.5% Zinc, 0.5% Tin)","4.3","21.5","1989","1989","NR;JP","1","VF","","","22.02"
"Denmark","Denmark","Krone (1873-date)","1","1 Krone - Margrethe II","Standard circulation coins","1992-2023","Round with a round hole","Copper-nickel","3.6","20.15","1992","1992","LG;JP;A","1","VF","","","33.02"
"Denmark","Denmark","Krone (1873-date)","5","5 Kroner - Margrethe II","Standard circulation coins","1990-2023","Round with a round hole","Copper-nickel (75% Copper, 25% Nickel)","9.2","28.5","1998","1998","LG;JP","1","VF","","","84.76"
"Denmark","Denmark","Krone (1873-date)","5","5 Kroner - Margrethe II","Standard circulation coins","1990-2023","Round with a round hole","Copper-nickel (75% Copper, 25% Nickel)","9.2","28.5","2006","2006","","1","XF","","","82.56"
"East Africa","East Africa","Shilling (1921-1967)","0.5","50 Cents - George VI","Standard circulation coins","1948-1952","Round","Copper-nickel","3.89","21","1949","1949","","1","VF","","","130.99"
"Eastern Caribbean States","Eastern Caribbean States","British West Indies dollar (1950-1965)","0.05","5 Cents - Elizabeth II (1st portrait)","Standard circulation coins","1955-1965","Round","Nickel brass (79% Copper, 20% Zinc, 1% Nickel)","5","21","1965","1965","","1","XF","","","75.95"
"Egypt","Egypt","Pound (1916-date)","0.1","10 Qirsh (Corrective Revolution)","Circulating commemorative coins","1980-1981","Round","Copper-nickel (75% Copper, 25% Nickel)","6","26.8","1401","1981","","1","AU","","",""
"Egypt","Egypt","Pound (1916-date)","0.1","10 Qirsh","Standard circulation coins","1992","Round","Aluminium bronze","4.9","23","1413","1992","","1","","","",""
"Egypt","Egypt","Pound (1916-date)","1","1 Pound (Magnetic)","Standard circulation coins","2005-2026","Round","Bimetallic: brass plated steel centre in nickel plated steel ring","8.5","25","1429","2008","","1","VF","","","51.74"
"Egypt","Egypt","Pound (1916-date)","1","1 Pound","Standard circulation banknotes","1978-2022","Rectangular","Paper","","140","","2016-2022","","1","UNC","","","85.86"
"Estonia","Estonia","Euro (2011-date)","0.2","20 Euro Cents (2nd map)","Standard circulation coins","2011-2023","Spanish flower","Nordic gold (89% Copper, 5% Aluminium, 5% Zinc, 1% Tin)","5.74","22.25","2011","2011","","1","VF","","","22.02"
"Eurozone","Eurozone","Euro (2002-date)","5","5 Euros (2002 Series)","Standard circulation banknotes","2002-2011","Rectangular","Paper (Cotton fiber)","","120","","2003-2011","","1","","","",""
"Eurozone","Eurozone","Euro (2002-date)","5","5 Euros (Europa Series)","Standard circulation banknotes","2011-2019","Rectangular","Paper (Cotton fiber)","","120","","2013-2019","","1","F","","","550.39"
"Eurozone","Eurozone","Euro (2002-date)","5","5 Euros (Europa Series)","Standard circulation banknotes","2011-2019","Rectangular","Paper (Cotton fiber)","","120","","2013-2019","","1","","","",""
"Eurozone","Eurozone","Euro (2002-date)","10","10 Euros (Europa Series)","Standard circulation banknotes","2014-2019","Rectangular","Paper (Cotton fiber)","","127","","","","1","VF","","","1100.77"
"Eurozone","Eurozone","Euro (2002-date)","20","20 Euros (Europa Series)","Standard circulation banknotes","2015-2019","Rectangular","Paper (Cotton fiber)","","133","","","","1","VF","","","2201.54"
"France","France","New franc (1960-2001)","0.05","5 Centimes","Standard circulation coins","1966-2001","Round","Aluminium-nickel bronze (92% Copper, 6% Aluminium, 2% Nickel)","2","17","1984","1984","","1","F","","","11.01"
"France","France","New franc (1960-2001)","0.1","10 Centimes","Standard circulation coins","1962-2001","Round","Aluminium-nickel bronze (92% Copper, 6% Aluminium, 2% Nickel)","3","20","1974","1974","","1","VF","","","11.01"
"France","France","New franc (1960-2001)","0.1","10 Centimes","Standard circulation coins","1962-2001","Round","Aluminium-nickel bronze (92% Copper, 6% Aluminium, 2% Nickel)","3","20","1978","1978","","1","VF","","","12.11"
"France","France","New franc (1960-2001)","0.2","20 Centimes","Standard circulation coins","1962-2001","Round","Aluminium-nickel bronze (92% Copper, 6% Aluminium, 2% Nickel)","4","23.5","1963","1963","","1","F","","","16.51"
"France","France","New franc (1960-2001)","0.2","20 Centimes","Standard circulation coins","1962-2001","Round","Aluminium-nickel bronze (92% Copper, 6% Aluminium, 2% Nickel)","4","23.5","1964","1964","","1","VF","","","16.51"
"France","France","New franc (1960-2001)","0.2","20 Centimes","Standard circulation coins","1962-2001","Round","Aluminium-nickel bronze (92% Copper, 6% Aluminium, 2% Nickel)","4","23.5","1981","1981","","1","VF","","","16.51"
"France","France","New franc (1960-2001)","1","1 Franc (Signature ""O. Roty"")","Standard circulation coins","1960-2001","Round","Nickel","6","24","1968","1968","","1","XF","","","23.12"
"France","France","New franc (1960-2001)","2","2 Francs","Standard circulation coins","1977-2001","Round","Nickel","7.5","26.5","1981","1981","","1","XF","","","41.83"
"France","France","Euro (2002-date)","0.2","20 Euro Cents (1st map)","Standard circulation coins","1999-2006","Spanish flower","Nordic gold (89% Copper, 5% Aluminium, 5% Zinc, 1% Tin)","5.74","22.25","1999","1999","","1","","","",""
"France","France","Euro (2002-date)","2","2 Euros (2nd map)","Standard circulation coins","2007-2021","Round","Bimetallic: nickel brass clad nickel centre in copper-nickel ring","8.5","25.75","2019","2019","","1","VF","","","220.15"
"Georgia","Georgia","Lari (1995-date)","0.01","1 Tetri","Standard circulation coins","1993-2015","Round","Stainless steel","1.38","15","1993","1993","","1","AU","","","48.43"
"Georgia","Georgia","Lari (1995-date)","0.02","2 Tetri","Standard circulation coins","1993-2015","Round","Stainless steel","1.9","17.5","1993","1993","","1","AU","","","66.05"
"Georgia","Georgia","Lari (1995-date)","0.05","5 Tetri","Standard circulation coins","1993-2015","Round","Stainless steel","2.5","20","1993","1993","","1","XF","","","51.74"
"Georgia","Georgia","Lari (1995-date)","0.1","10 Tetri","Standard circulation coins","1993","Round","Stainless steel","3","21.9","1993","1993","","1","AU","","","64.95"
"Georgia","Georgia","Lari (1995-date)","0.2","20 Tetri","Standard circulation coins","1993","Round","Stainless steel","5","25","1993","1993","","1","AU","","","73.75"
"Georgia","Georgia","Lari (1995-date)","0.5","50 Tetri","Standard circulation coins","2006","Round","Copper-nickel","6.52","24","2006","2006","","1","VF","","","55.04"
"Georgia","Georgia","Lari (1995-date)","1","1 Lari","Standard circulation coins","2006-2018","Round","Copper-nickel","7.8","26.2","2006","2006","","1","VF","","","60.54"
"Georgia","Georgia","Lari (1995-date)","2","2 Lari","Standard circulation coins","2006","Round","Bimetallic: aluminium-nickel bronze centre in copper-nickel ring","8","27","2006","2006","","1","VF","","","110.08"
"Germany","German Democratic Republic","Mark (1948-1990)","0.1","10 Pfennigs","Standard circulation coins","1963-1990","Round","Aluminium","1.5","21","1965","1965","A","1","VG","","","7.15"
"Germany","German Democratic Republic","Mark (1948-1990)","0.5","50 Pfennigs","Standard circulation coins","1958-1990","Round","Aluminium","2","23","1958","1958","A","1","F","","","22.02"
"Germany","Germany, Federal Republic of","Deutsche Mark (1948-2001)","0.1","10 Pfennig","Standard circulation coins","1950-2001","Round","Brass clad steel (90% Iron, 10% Brass)","4","21.5","1981","1981","D","1","F","","","11.01"
"Germany","Germany, Federal Republic of","Deutsche Mark (1948-2001)","0.1","10 Pfennig","Standard circulation coins","1950-2001","Round","Brass clad steel (90% Iron, 10% Brass)","4","21.5","1981","1981","F","1","F","","","11.01"
"Germany","Germany, Federal Republic of","Deutsche Mark (1948-2001)","0.5","50 Pfennigs","Standard circulation coins","1949-2001","Round","Copper-nickel (75% Copper, 25% Nickel)","3.5","20","1981","1981","D","1","XF","","","49.53"
"Germany","Germany, Federal Republic of","Deutsche Mark (1948-2001)","5","5 Deutsche Mark","Standard circulation coins","1975-2001","Round","Copper-nickel clad nickel (Cladding: 75% Copper, 25% Nickel; Core: 100% Nickel)","10","29","1981","1981","J","1","XF","","","302.71"
"Germany","Germany, Federal Republic of","Euro (2002-date)","0.02","2 Euro Cents","Standard circulation coins","2002-2026","Round","Copper plated steel","3.06","18.75","2018","2018","J","1","F","","","2.2"
"Germany","Germany, Federal Republic of","Euro (2002-date)","0.05","5 Euro Cents","Standard circulation coins","2002-2026","Round","Copper plated steel","3.92","21.25","2002","2002","J","1","F","","","5.5"
"Germany","Germany, Federal Republic of","Euro (2002-date)","0.1","10 Euro Cents (1st map)","Standard circulation coins","2002-2006","Round","Nordic gold (89% Copper, 5% Aluminium, 5% Zinc, 1% Tin)","4.1","19.75","2002","2002","A","1","F","","","11.01"
"Germany","Germany, Federal Republic of","Euro (2002-date)","0.2","20 Euro Cents (1st map)","Standard circulation coins","2002-2007","Spanish flower","Nordic gold","5.74","22.25","2002","2002","G","1","VF","","","22.02"
"Germany","Germany, Federal Republic of","Euro (2002-date)","2","2 Euros (1st map)","Standard circulation coins","2002-2006","Round","Bimetallic: nickel brass clad nickel centre in copper-nickel ring","8.5","25.75","2002","2002","F","1","VF","","","220.15"
"Germany","Germany, Federal Republic of","Euro (2002-date)","2","2 Euros (Bundesländer - ""Bayern"")","Circulating commemorative coins","2012","Round","Bimetallic: nickel brass clad nickel centre in copper-nickel ring","8.5","25.75","2012","2012","F","1","VF","","","220.15"
"Germany","Germany, Federal Republic of","Euro (2002-date)","2","2 Euros (Constitution of St. Paul's Church)","Circulating commemorative coins","2024","Round","Bimetallic: nickel brass clad nickel centre in copper-nickel ring (Core: 75% Cu, 20% Zn, 5% Ni Ring: 75% Cu, 25% Ni)","8.5","25.75","2024","2024","A","1","XF","","","253.18"
"Honduras","Honduras","Lempira (1931-date)","1","1 Lempira (Without vertical bar; red ascending serial number)","Standard circulation banknotes","1994-2010","Rectangular","Paper","","156","2008","2008","","1","","","",""
"Hungary","Hungary","Forint (1946-date)","0.5","50 Fillér","Standard circulation coins","1967-1989","Round","Aluminium (Aluminium 97%, Magnesium 3%)","1.2","21.5","1981","1981","BP.","1","F","","","19.21"
"Iceland","Iceland","New króna (1980-date)","0.5","50 Aurar","Standard circulation coins","1981","Round","Bronze","3","19.5","1981","1981","","1","AU","","","55.04"
"India","India","Rupee (1950-1957)","0.015625","1 Pice","Standard circulation coins","1950-1955","Round","Bronze","2.92","21","1953","1953","♦","1","","","",""
"India","India","Rupee (1950-1957)","1","1 Rupee","Standard circulation coins","1950-1954","Round","Nickel","11.7","27.9","1950","1950","♦","1","VF","","","225.13"
"India","India","Rupee (1950-1957)","1","1 Rupee","Standard circulation coins","1950-1954","Round","Nickel","11.7","27.9","1954","1954","♦","1","VF","","","1008.31"
"India","India","Rupee (1950-1957)","","10 Rupees (Khadi Hundi promissory note)","Promissory notes","1950-1957","Rectangular","","","146","","1950-1957","","1","","","",""
"India","India","Rupee (decimalized, 1957-date)","0.01","1 Paisa","Standard circulation coins","1965-1981","Square with rounded corners","Aluminium (96.5-96% Aluminium, 3.5-4% Magnesium)","0.75","17","1972","1972","★","1","","","",""
"India","India","Rupee (decimalized, 1957-date)","0.05","5 Paise","Standard circulation coins","1967-1971","Square with rounded corners","Aluminium","1.6","22","1968","1968","*","1","","","",""
"India","India","Rupee (decimalized, 1957-date)","0.05","5 Paise (without Devanagari legend)","Standard circulation coins","1972-1984","Square with rounded corners","Aluminium (96.5-96% Aluminium, 3.5-4% Magnesium)","1.5","22","1977","1977","*","1","","","",""
"India","India","Rupee (decimalized, 1957-date)","0.05","5 Paise (without Devanagari legend)","Standard circulation coins","1972-1984","Square with rounded corners","Aluminium (96.5-96% Aluminium, 3.5-4% Magnesium)","1.5","22","1981","1981","♦","1","AU","","",""
"India","India","Rupee (decimalized, 1957-date)","0.05","5 Paise","Standard circulation coins","1984-1994","Square with rounded corners","Aluminium","1.03","22","1989","1989","","1","","","",""
"India","India","Rupee (decimalized, 1957-date)","0.1","10 Paise","Standard circulation coins","1971-1982","Scalloped (with 12 notches)","Aluminium (96.5-96% Aluminium, 3.5-4% Magnesium)","2.3","26","1981","1981","♦","1","AU","","","49.87"
"India","India","Rupee (decimalized, 1957-date)","0.1","10 Paise","Standard circulation coins","1983-1993","Scalloped (with 8 notches)","Aluminium (96% Aluminium, 4% Magnesium)","1.76","23.03","1986","1986","*","1","","","",""
"India","India","Rupee (decimalized, 1957-date)","0.25","25 Paise","Standard circulation coins","1972-1990","Round","Copper-nickel (75% Copper, 25% Nickel)","2.5","19","1981","1981","♦","1","AU","","","24.33"
"India","India","Rupee (decimalized, 1957-date)","0.5","50 Paise (Mahatma Gandhi)","Circulating commemorative coins","1969","Round","Nickel","5","24","","","♦","1","VF","","","65.3"
"India","India","Rupee (decimalized, 1957-date)","1","1 Rupee (Jawaharlal Nehru)","Circulating commemorative coins","1964","Round","Nickel","10","27","1964","1964","","1","","","",""
"India","India","Rupee (decimalized, 1957-date)","1","1 Rupee (Mahatma Gandhi)","Circulating commemorative coins","1969","Round","Nickel","10","28","","1969","♦","1","VF","","","113.38"
"India","India","Rupee (decimalized, 1957-date)","1","1 Rupee","Standard circulation coins","1975-1982","Round","Copper-nickel (75% Copper, 25% Nickel)","8","28","1981","1981","♦","1","XF","","","35.22"
"India","India","Rupee (decimalized, 1957-date)","1","1 Rupee (75 Years of Independence)","Standard circulation coins","2021-2026","Round","Stainless steel","3.09","20","2023","2023","♦","1","UNC","","","38.53"
"India","India","Rupee (decimalized, 1957-date)","2","2 Rupees (Louis Braille)","Circulating commemorative coins","2009","Round","Stainless steel","5.8","27","2009","2009","","1","UNC","","","583.41"
"India","India","Rupee (decimalized, 1957-date)","2","2 Rupees (75th Year of Independence)","Standard circulation coins","2021-2026","Round","Stainless steel","4.07","23","2023","2023","♦","1","UNC","","","24.22"
"India","India","Rupee (decimalized, 1957-date)","5","5 Rupees (World of Work)","Circulating commemorative coins","1994","Round","Copper-nickel","8.9","23.3","","1994","♦","1","","","",""
"India","India","Rupee (decimalized, 1957-date)","5","5 Rupees (50 Years - United Nations)","Circulating commemorative coins","1995","Round","Copper-nickel","9.18","23","1995","1995","♦","1","","","",""
"India","India","Rupee (decimalized, 1957-date)","5","5 Rupees (FAO)","Circulating commemorative coins","1995","Round","Copper-nickel","9","23","1995","1995","*","1","","","",""
"India","India","Rupee (decimalized, 1957-date)","5","5 Rupees (Mother's Health is Child's Health)","Circulating commemorative coins","1996","Round","Copper-nickel","8.97","23","1996","1996","●","1","","","",""
"India","India","Rupee (decimalized, 1957-date)","5","5 Rupees (Bhagwan Mahavir Janm Kalyanak)","Circulating commemorative coins","2001","Round","Copper-nickel","9.07","23.19","2001","2001","°","1","","","",""
"India","India","Rupee (decimalized, 1957-date)","5","5 Rupees (Kumarasami Kamaraj)","Circulating commemorative coins","2003","Round","Copper-nickel","8.9","23.6","2003","2003","*","1","","","",""
"India","India","Rupee (decimalized, 1957-date)","5","5 Rupees (Birth Centenary of Lalbahadur Shastri) (Stainless steel)","Circulating commemorative coins","2004","Round","Stainless steel","6","23","","2004","*","1","","","",""
"India","India","Rupee (decimalized, 1957-date)","5","5 Rupees (Dandi March, stainless steel)","Circulating commemorative coins","2005","Round","Stainless steel","6","23","","2005","♦","1","","","",""
"India","India","Rupee (decimalized, 1957-date)","5","5 Rupees (Mahatma Basaveshwara-Stainless steel)","Circulating commemorative coins","2006","Round","Stainless steel","6","23","","2006","♦","1","","","",""
"India","India","Rupee (decimalized, 1957-date)","5","5 Rupees (ONGC Anniversary)","Circulating commemorative coins","2006","Round","Stainless steel","6.03","22.8","2006","2006","*","1","","","",""
"India","India","Rupee (decimalized, 1957-date)","5","5 Rupees (Narayana Gurudev) (Stainless steel)","Circulating commemorative coins","2006","Round","Stainless steel","6.03","22.9","","2006","♦","1","","","",""
"India","India","Rupee (decimalized, 1957-date)","5","5 Rupees (Shaheed Bhagat Singh)","Circulating commemorative coins","2007","Round","Stainless steel","6","23","","2007","★","1","UNC","","",""
"India","India","Rupee (decimalized, 1957-date)","5","5 Rupees (First War of Independence) (Copper-nickel)","Circulating commemorative coins","2007","Round","Copper-nickel","9","23","2007","2007","M","1","UNC","","2007 India First War of Independence (Proof Set)",""
"India","India","Rupee (decimalized, 1957-date)","5","5 Rupees (Saint Alphonsa)","Circulating commemorative coins","2009","Round","Nickel brass","6","23","2009","2009","♦","1","","","",""
"India","India","Rupee (decimalized, 1957-date)","5","5 Rupees (C. Subramaniam)","Circulating commemorative coins","2010","Round","Nickel brass","6","23","","2010","★","1","","","",""
"India","India","Rupee (decimalized, 1957-date)","5","5 Rupees (100 Years of Civil Aviation)","Circulating commemorative coins","2011","Round","Nickel brass","6","23","2011","2011","*","1","","","",""
"India","India","Rupee (decimalized, 1957-date)","5","5 Rupees (75th Year of Independence)","Standard circulation coins","2021-2026","Round","Nickel brass","6.74","25","2023","2023","◆","1","UNC","","","46.23"
"India","India","Rupee (decimalized, 1957-date)","10","10 Rupees (75th Year of Independence)","Standard circulation coins","2021-2026","Round","Bimetallic: nickel silver centre in nickel brass ring","7.74","27","2023","2023","◆","1","UNC","","","92.46"
"India","India","Rupee (decimalized, 1957-date)","20","20 Rupees (75th Year of Independence)","Standard circulation coins","2021-2026","Dodecagonal (12-sided)","Bimetallic: nickel brass centre in nickel silver ring","8.65","27","2023","2023","◆","1","UNC","","","64.4"
"India","India","Rupee (decimalized, 1957-date)","75","75 Rupees (75th Anniversary of Constitution)","Non-circulating coins","2024","Round","Silver (.500) (Quaternary Alloy - Silver 50%, Copper 40%, Nickel 5%, Zinc 5%)","35","44","2024","2024","","1","UNC","","","8804.01"
"India","India","Rupee (decimalized, 1957-date)","100","100 Rupees (First War of Independence)","Non-circulating coins","2007","Round","Silver (.500)","35","44","2007","2007","M","1","UNC","","2007 India First War of Independence (Proof Set)","8176.52"
"India","India","Rupee (decimalized, 1957-date)","100","100 Rupees (N.T. Rama Rao)","Non-circulating coins","2023","Round","Silver (.500)","35","44","2023","2023","H","1","UNC","","","13610.37"
"India","India","Rupee (decimalized, 1957-date)","100","100 Rupees (Mohammed Rafi)","Non-circulating coins","2024","Round","Silver (.500) (Quaternary Alloy - Silver 50%, Copper 40%, Nickel 5%, Zinc 5%)","35","44","2024","2024","","1","UNC","","","7236.89"
"India","India","Rupee (decimalized, 1957-date)","100","100 Rupees (Rashtriya Swayamsevak Sangh)","Non-circulating coins","2025","Round","Silver (.9999)","40","44","2025","2025","","1","UNC","","","14156.13"
"India","India","Rupee (decimalized, 1957-date)","150","150 Rupees (150 years of Vande Mataram)","Non-circulating coins","2025","Round","Nickel silver (60% Copper, 20% Nickel, and 20% Zinc)","32","44","2025","2025","M","1","UNC","","","1561.99"
"India","India","Rupee (decimalized, 1957-date)","150","150 Rupees (Arya Samaj)","Non-circulating coins","2025","Round","Nickel silver (60% Copper, 20% Nickel, and 20% Zinc)","32","44","2025","2025","","1","UNC","","","1346.24"
"India","India","Rupee (decimalized, 1957-date)","200","200 Rupees (Maharshi Dayanand Saraswati)","Non-circulating coins","2025","Round","Nickel silver (60% Copper, 20% Nickel, and 20% Zinc)","32","44","2025","2025","","1","UNC","","","1341.84"
"India","India","Rupee (decimalized, 1957-date)","525","525 Rupees (525th Birth Anniversary of Saint Meera Bai)","Non-circulating coins","2023","Round","Silver (.500) (Quaternary alloy - Silver 50%, Copper 40%, Nickel 5%, Zinc 5%)","35","44","2023","2023","","1","UNC","","","9874.64"
"India","India","Rupee (decimalized, 1957-date)","1","1 Rupee","Standard circulation banknotes","1981","Rectangular","Paper","","96","1981","1981","","1","UNC","","","50.81"
"India","India","Rupee (decimalized, 1957-date)","1","1 Rupee","Standard circulation banknotes","1981","Rectangular","Paper","","96","1981","1981","","1","UNC","","","64.95"
"India","India","Rupee (decimalized, 1957-date)","2","2 Rupees","Standard circulation banknotes","1965","Rectangular","Paper","","114","","","","1","","","",""
"India","India","Rupee (decimalized, 1957-date)","5","5 Rupees (Mahatma Gandhi birth centenary)","Circulating commemorative banknotes","1969-1970","Rectangular","Paper","","117","","1969-1970","","1","","","",""
"India","India","Rupee (decimalized, 1957-date)","100","100 Rupees (with correct urdu)","Standard circulation banknotes","1970-1982","Rectangular","Paper","","157","","1977-1982","","1","","","",""
"India","India","","","Temple Token - Shri Mata Vaishno Devi Shrine Board (with date)","Religious tokens","2004-2019","Round","Aluminium","0.9","22","2017","2017","","1","","","",""
"India","India","","","50th Anniversary of Independence","Military awards","1997","Round","Copper-nickel","36.6","35","1997","1997","","1","","","",""
"India","India","","","5 Rupees (Khadi Hundi promissory note)","Promissory notes","","Rectangular","","","126","","","","2","","","",""
"India","India","","","2 Rupees (Khadi Hundi promissory note)","Promissory notes","","Rectangular","","","136","","","","1","","","",""
"India","India - British","Rupee (1770-1947)","0.00520833","1⁄12 Anna - George V","Standard circulation coins","1912-1936","Round","Bronze","1.65","17.4","1929","1929","","1","","","",""
"India","India - British","Rupee (1770-1947)","0.015625","¼ Anna","Standard circulation coins","1835-1849","Round","Copper","6.48","26.25","1835","1835","","1","","","",""
"India","India - British","Rupee (1770-1947)","0.015625","¼ Anna - Victoria (""VICTORIA EMPRESS"")","Standard circulation coins","1877-1901","Round","Copper","6.4","25","1891","1891","","1","","","",""
"India","India - British","Rupee (1770-1947)","0.015625","¼ Anna - Edward VII","Standard circulation coins","1906-1910","Round","Bronze","4.83","25.3","1908","1908","","1","","","",""
"India","India - British","Rupee (1770-1947)","0.015625","¼ Anna - George V","Standard circulation coins","1912-1936","Round","Bronze","4.85","25.4","1925","1925","•","1","","","",""
"India","India - British","Rupee (1770-1947)","0.015625","¼ Anna - George V","Standard circulation coins","1912-1936","Round","Bronze","4.85","25.4","1930","1930","","1","","","",""
"India","India - British","Rupee (1770-1947)","0.015625","¼ Anna - George V","Standard circulation coins","1912-1936","Round","Bronze","4.85","25.4","1936","1936","","1","","","",""
"India","India - British","Rupee (1770-1947)","0.015625","1 Pice","Standard circulation coins","1943-1947","Round with a round hole","Bronze","2","21.32","1945","1945","","1","","","",""
"India","India - British","Rupee (1770-1947)","0.015625","1 Pice","Standard circulation coins","1943-1947","Round with a round hole","Bronze","2","21.32","1947","1947","","1","","","",""
"India","India - British","Rupee (1770-1947)","0.03125","½ Anna","Standard circulation coins","1835-1845","Round","Copper","12.35","31","","","","3","","","",""
"India","India - British","Rupee (1770-1947)","0.03125","½ Anna - Victoria","Standard circulation coins","1862-1876","Round","Copper","12.7","30.5","","","","1","","","",""
"India","India - British","Rupee (1770-1947)","0.03125","½ Anna - George VI","Standard circulation coins","1942-1946","Square with rounded corners","Nickel brass","2.92","19.8","1942","1942","","1","","","",""
"India","India - British","Rupee (1770-1947)","0.0625","1 Anna - George VI (2nd portrait, large crown, low relief)","Standard circulation coins","1942-1945","Scalloped (with 12 notches)","Nickel brass","3.89","20.5","1942","1942","•","1","","","",""
"India","India - British","Rupee (1770-1947)","0.0625","1 Anna - George VI (2nd portrait, small crown, low relief)","Standard circulation coins","1946-1947","Scalloped (with 12 notches)","Copper-nickel","3.87","21.1","1946","1946","","1","","","",""
"India","India - British","Rupee (1770-1947)","0.125","2 Annas - George V","Standard circulation coins","1918-1936","Square with rounded corners","Copper-nickel","5.7","25.3","1919","1919","","1","","","",""
"India","India - British","Rupee (1770-1947)","0.25","¼ Rupee - William IV","Standard circulation coins","1835","Round","Silver (.917)","2.92","20","1835","1835","","1","","","",""
"India","India - British","Rupee (1770-1947)","0.25","¼ Rupee - George VI","Standard circulation coins","1943-1945","Round","Silver (.500)","2.9","19","1944","1944","B","1","VF","","","603.15"
"India","India - British","Rupee (1770-1947)","0.25","¼ Rupee - George VI","Standard circulation coins","1946-1947","Round","Nickel","2.9","19","1946","1946","♦","1","VG","","","27.52"
"India","India - British","Rupee (1770-1947)","0.5","½ Rupee - George V","Standard circulation coins","1912-1936","Round","Silver (.917)","5.83","24","1936","1936","•","1","","","",""
"India","India - British","Rupee (1770-1947)","0.5","½ Rupee - George VI","Standard circulation coins","1942-1945","Round","Silver (.500)","5.84","24.1","1944","1944","•","1","VF","","","1111.92"
"India","India - British","Rupee (1770-1947)","0.5","½ Rupee - George VI","Standard circulation coins","1946-1947","Round","Nickel","5.83","24","1947","1947","•","2","VG","","","57.24"
"India","India - British","Rupee (1770-1947)","1","1 Rupee - George VI","Standard circulation coins","1942-1945","Round","Silver (.500)","11.66","30.5","1944","1944","•","1","VF","","","1965.18"
"India","India - British","Rupee (1770-1947)","1","1 Rupee - George VI","Standard circulation coins","1947","Round","Nickel","11.8","28","1947","1947","","2","VF","","","350.86"
"India","India, Portuguese","Rupia (1880-1958)","0.0078125","⅛ Tanga - Luíz I (Calcutta)","Standard circulation coins","1881-1886","Round","Copper","3.3","21.1","1881","1881","","1","F","","","776.73"
"India","India, Portuguese","Rupia (1880-1958)","0.015625","¼ Tanga - Luíz I (Calcutta)","Standard circulation coins","1881-1888","Round","Copper","6.5","25.3","1886","1886","","1","","","",""
"India","India, Portuguese","Rupia (1880-1958)","0.5","½ Rupia - Republic (Lisboa mint)","Standard circulation coins","1947-1952","Round","Copper-nickel","5.6","23.5","1947","1947","","1","","","",""
"India","India, Portuguese","Escudo (1958-1961)","0.6","60 Centavos - Republic","Standard circulation coins","1958-1959","Round","Nickel brass (61% Copper, 20% Zinc, 19% Nickel)","3.5","20","1959","1959","","1","","","",""
"India","Gwalior, Princely state of","Rupee","0.015625","¼ Anna - Madho Rao","Standard circulation coins","1896-1901","Round","Copper","7.4","22","","","","1","G","","",""
"India","Hyderabad, Princely state of","Rupee (1762-1950)","0.0625","1 Anna - Mir Usman Ali Khan","Standard circulation coins","1937-1942","Square with rounded corners","Copper-nickel","3.7","21.7","1356","1937","","1","F","","","193.74"
"India","Kutch","Kori (1586-1948)","0.25","1 Payalo - George VI [Vijayarajji]","Standard circulation coins","1943-1947","Round with a round hole","Copper","8.3","27.25","2003","1947","","1","XF","","","400.68"
"India","Pudukkottai, Princely state of","Rupee","0.05","1 Amman Cash - Martanda Bhairava","Standard circulation coins","1889-1934","Round","Copper","1.25","11.5","","1889-1934","","1","","","",""
"India","Travancore","Rupee (1729-1947)","0.01785714","8 Cash - Moolam Thirunal Rama Varma VI","Standard circulation coins","1901-1910","Round","Copper","5","21.7","","1901-1910","","1","","","",""
"India","Travancore","Rupee (1729-1947)","0.01785714","8 Cash - Chithira Thirunal Bala Rama Varma II","Standard circulation coins","1938-1949","Round","Bronze","3.9","22.2","","1938-1949","","1","VF","","","633.86"
"India","Travancore","Rupee (1729-1947)","0.03571429","1 Chuckram - Moolam Thirunal Rama Varma VI","Standard circulation coins","1906-1935","Round","Copper","9.98","26.68","","1906-1935","","1","","","",""
"India","Travancore","Rupee (1729-1947)","0.03571429","1 Chuckram - Chithira Thirunal Bala Rama Varma II","Standard circulation coins","1938-1940","Round","Bronze","8","27","","1940","","2","","","",""
"Indonesia","Netherlands East Indies","Gulden (1602-1854)","0.0125","1 Duit (Zeeland)","Standard circulation coins","1729-1792","Round","Copper","3.1","22","1753","1753","","1","","","",""
"Indonesia","Indonesia","Rupiah (1950-1965)","0.5","50 Sen","Standard circulation coins","1959-1961","Round","Aluminium","3","29","1961","1961","","1","UNC","","","71.55"
"Indonesia","Indonesia","Rupiah (1965-date)","25","25 Rupiah","Standard circulation coins","1991-1996","Round","Aluminium","1.22","18","1996","1996","","1","XF","","","33.02"
"Indonesia","Indonesia","Rupiah (1965-date)","50","50 Rupiah","Standard circulation coins","1999-2003","Round","Aluminium","1.36","20","2002","2002","","1","VF","","","33.45"
"Indonesia","Indonesia","Rupiah (1965-date)","100","100 Rupiah","Standard circulation coins","1999-2005","Round","Aluminium","1.79","23","2003","2003","","1","VF","","","16.51"
"Indonesia","Indonesia","Rupiah (1965-date)","200","200 Rupiah","Standard circulation coins","2003","Round","Aluminium","2.38","25","2003","2003","","1","VF","","","25.32"
"Indonesia","Indonesia","Rupiah (1965-date)","500","500 Rupiah","Standard circulation coins","2003","Round","Aluminium","3.1","27.2","2003","2003","","1","VF","","","35.22"
"Indonesia","Indonesia","Rupiah (1965-date)","0.01","1 Sen","Standard circulation banknotes","1964","Rectangular","Paper","","103","1964","1964","","1","","","",""
"Indonesia","Indonesia","Rupiah (1965-date)","0.05","5 Sen","Standard circulation banknotes","1964","Rectangular","Paper","","104","1964","1964","","1","","","",""
"Indonesia","Indonesia","Rupiah (1965-date)","0.1","10 Sen","Standard circulation banknotes","1964","Rectangular","Paper","","103","1964","1964","","1","","","",""
"Indonesia","Indonesia","Rupiah (1965-date)","0.25","25 Sen","Standard circulation banknotes","1964","Rectangular","Paper","","112","1964","1964","","1","","","",""
"Indonesia","Indonesia","Rupiah (1965-date)","0.5","50 Sen","Standard circulation banknotes","1964","Rectangular","Paper","","113","1964","1964","","1","","","",""
"Iran","Iran","Second Rial (1932-date)","50","50 Rials","Standard circulation coins","1992-2003","Round","Copper-nickel","7.1","26","1372","1993","","1","","","",""
"Iran","Iran","Second Rial (1932-date)","250","250 Rials","Standard circulation coins","1992-2003","Round","Bimetallic: copper-nickel centre in brass ring","10.6","28.3","1376","1997","","1","","","",""
"Iran","Iran","Second Rial (1932-date)","250","250 Rials","Standard circulation coins","1992-2003","Round","Bimetallic: copper-nickel centre in brass ring","10.6","28.3","1381","2002","","1","","","",""
"Iran","Iran","Second Rial (1932-date)","500","500 Rials","Standard circulation coins","2003-2007","Round","Bimetallic: aluminium bronze centre in copper-nickel ring","8.91","27.1","1383","2004","","1","","","",""
"Iran","Iran","Second Rial (1932-date)","500","500 Rials (Islamic Republic; second print)","Standard circulation banknotes","2003-2009","Rectangular","Paper","","143","","2003-2009","","1","","","",""
"Iran","Iran","Second Rial (1932-date)","5000","5000 Rials (Ruhollah Khomeini; 1st. issue)","Standard circulation banknotes","1993-2009","Rectangular","Paper","","154","","1993-2009","","1","","","",""
"Iraq","Iraq","Dinar (1931-date)","0.005","5 Fils","Standard circulation coins","1967-1971","Scalloped (with 12 notches)","Copper-nickel","5","22","1387","1967","","1","XF","","","100.95"
"Iraq","Iraq","Dinar (1931-date)","0.005","5 Fils","Standard circulation coins","1971-1981","Scalloped (with 12 notches)","Stainless steel","4","22","1395","1975","","1","AU","","","71.22"
"Iraq","Iraq","Dinar (1931-date)","0.005","5 Fils","Standard circulation coins","1971-1981","Scalloped (with 12 notches)","Stainless steel","4","22","1401","1981","","1","XF","","","58.59"
"Iraq","Iraq","Dinar (1931-date)","0.01","10 Fils","Standard circulation coins","1959","Scalloped (with 12 notches)","Copper-nickel","6.75","26","1379","1959","","1","VF","","","84.56"
"Iraq","Iraq","Dinar (1931-date)","0.01","10 Fils","Standard circulation coins","1967-1971","Scalloped (with 12 notches)","Copper-nickel","6.75","26","1387","1967","","1","VF","","","58.34"
"Iraq","Iraq","Dinar (1931-date)","0.01","10 Fils","Standard circulation coins","1971-1981","Scalloped (with 12 notches)","Stainless steel","5.75","26","1394","1974","","1","VF","","","57.46"
"Iraq","Iraq","Dinar (1931-date)","0.05","50 Fils","Standard circulation coins","1969-1990","Round","Copper-nickel (75% Copper, 25% Nickel)","5.5","23","1401","1981","","1","XF","","","63.84"
"Iraq","Iraq","Dinar (1931-date)","0.25","250 Fils","Standard circulation coins","1980-1990","Octagonal (8-sided)","Copper-nickel","10.4","30","1400","1980","","1","","","",""
"Iraq","Iraq","Dinar (1931-date)","0.25","250 Fils","Standard circulation coins","1980-1990","Octagonal (8-sided)","Copper-nickel","10.4","30","1401","1981","","1","XF","","","122.19"
"Iraq","Iraq","Dinar (1931-date)","0.25","250 Fils (FAO)","Circulating commemorative coins","1981","Octagonal (8-sided)","Copper-nickel","10.2","30","1401","1981","","1","VF","","","452.42"
"Iraq","Iraq","Dinar (1931-date)","1","1 Dinar","Standard circulation coins","1981","Decagonal (10-sided)","Nickel","13","33","1401","1981","","1","VF","","","111.18"
"Iraq","Iraq","Dinar (1931-date)","10","10 Dinars (Abu Ali Hasan Ibn al-Haitham)","Standard circulation banknotes","1980-1982","Rectangular","Paper","","170","1401","1981","","1","VF","","","135.39"
"Iraq","Iraq","Dinar (1931-date)","25","25 Dinars (reduced size)","Standard circulation banknotes","1981-1982","Rectangular","Paper","","175","1401","1981","","1","VF","","","100.24"
"Ireland","Ireland","Euro (2002-date)","0.01","1 Euro Cent","Standard circulation coins","2002-2026","Round","Copper plated steel","2.3","16.25","2012","2012","","1","","","",""
"Ireland","Ireland","Euro (2002-date)","0.05","5 Euro Cents","Standard circulation coins","2002-2026","Round","Copper plated steel","3.92","21.25","2014","2014","","1","","","",""
"Ireland","Ireland","Euro (2002-date)","0.1","10 Euro Cents (1st map)","Standard circulation coins","2002-2006","Round","Nordic gold (89% Copper, 5% Aluminium, 5% Zinc, 1% Tin)","4.1","19.75","2002","2002","","1","","","",""
"Ireland","Ireland","Euro (2002-date)","0.1","10 Euro Cents (2nd map)","Standard circulation coins","2007-2026","Round","Nordic gold (89% Copper, 5% Aluminium, 5% Zinc, 1% Tin)","4.1","19.75","2007","2007","","1","","","",""
"Ireland","Ireland","Euro (2002-date)","0.2","20 Euro Cents (1st map)","Standard circulation coins","2002-2006","Spanish flower","Nordic gold (89% Copper, 5% Aluminium, 5% Zinc, 1% Tin)","5.74","22.25","2002","2002","","1","","","",""
"Ireland","Ireland","Euro (2002-date)","1","1 Euro (1st map)","Standard circulation coins","2002-2006","Round","Bimetallic: copper-nickel clad nickel centre in nickel brass ring","7.5","23.25","2002","2002","","1","VF","","","110.08"
"Ireland","Ireland","Euro (2002-date)","2","2 Euros (1st map)","Standard circulation coins","2002-2006","Round","Bimetallic: nickel brass clad nickel centre in copper-nickel ring","8.5","25.75","2003","2003","","1","","","",""
"Israel","Israel","Pound (1960-1980)","0.25","25 Agorot","Standard circulation coins","1960-1979","Round","Aluminium bronze (92% Copper, 6% Aluminium, 2% Nickel)","6.5","25.5","5739","1979","","1","VF","","","46.23"
"Israel","Israel","New Shekel (1986-date)","0.1","10 Agorot","Standard circulation coins","1984-2017","Round","Aluminium-nickel bronze (92% Copper, 6% Aluminium, 2% Nickel)","4","22","5744","1984","","1","","","",""
"Italy","Italy","Lira (1861-2001)","5","5 Lire","Standard circulation coins","1951-2001","Round","Aluminium (96.2% Aluminium, 3.5% Magnesium, 0.3% Manganese)","1","20.2","1954","1954","R","1","","","",""
"Italy","Italy","Lira (1861-2001)","10","10 Lire","Standard circulation coins","1951-2001","Round","Aluminium (96.2% Aluminium, 3.5% Magnesium, 0.3% Manganese)","1.6","23.25","1955","1955","R","1","","","",""
"Italy","Italy","Lira (1861-2001)","10","10 Lire","Standard circulation coins","1951-2001","Round","Aluminium (96.2% Aluminium, 3.5% Magnesium, 0.3% Manganese)","1.6","23.25","1974","1974","R","1","","","",""
"Italy","Italy","Lira (1861-2001)","50","50 Lire (large type)","Standard circulation coins","1954-1989","Round","Acmonital (81.75% Iron, 18.25% Chromium)","6.25","24.8","1977","1977","R","2","VF","","","16.51"
"Italy","Italy","Lira (1861-2001)","200","200 Lire","Standard circulation coins","1977-2001","Round","Bronzital (92% Copper, 6% Aluminium, 2% Nickel)","5","24","1981","1981","R","1","VF","","","22.02"
"Italy","Italy","Lira (1861-2001)","500","500 Lire","Standard circulation coins","1982-2001","Round","Bimetallic: bronzital centre in acmonital ring","6.8","25.8","1988","1988","R","1","","","",""
"Italy","Italy","Euro (2002-date)","0.01","1 Euro Cent","Standard circulation coins","2002-2026","Round","Copper plated steel","2.3","16.25","2013","2013","R","1","F","","","1.1"
"Italy","Italy","Euro (2002-date)","0.1","10 Euro Cents (2nd map)","Standard circulation coins","2008-2026","Round","Nordic gold","4.1","19.75","2020","2020","R","1","VF","","","11.53"
"Italy","Italy","Euro (2002-date)","0.2","20 Euro Cents (1st map)","Standard circulation coins","2002-2007","Spanish flower","Nordic gold","5.74","22.25","2002","2002","R","1","VF","","","22.02"
"Italy","Italy","Euro (2002-date)","1","1 Euro (1st map)","Standard circulation coins","2002-2007","Round","Bimetallic: copper-nickel clad nickel centre in nickel brass ring","7.5","23.25","2002","2002","R","1","VF","","","110.08"
"Italy","Italy","Euro (2002-date)","2","2 Euros (1st map)","Standard circulation coins","2002-2007","Round","Bimetallic: nickel brass clad nickel centre in copper-nickel ring","8.5","25.75","2002","2002","R","1","VF","","","220.15"
"Italy","Italy","Euro (2002-date)","2","2 Euros (1st map)","Standard circulation coins","2002-2007","Round","Bimetallic: nickel brass clad nickel centre in copper-nickel ring","8.5","25.75","2005","2005","R","1","XF","","","220.15"
"Italy","Italy","","","Telephone Token - Gettone Telefonico (IPM)","Telecommunication tokens","1971-1980","Round with groove(s)","Brass","7","24.5","","1978","IPM","1","","","",""
"Italy","Italy","","","Telephone Token - Gettone Telefonico (UT)","Telecommunication tokens","1974-1980","Round with groove(s)","Brass","7","24.5","","1978","UT","1","","","",""
"Japan","Japan","Yen (1871-date)","5","5 Yen - Shōwa (Gothic style)","Standard circulation coins","1959-1989","Round with a round hole","Brass (60-70% Copper, 40-30% Zinc)","3.75","22","52","1977","","1","","","",""
"Japan","Japan","Yen (1871-date)","10","10 Yen - Heisei","Standard circulation coins","1989-2019","Round","Bronze (95% Copper, 3-4% Zinc, 1-2% Tin)","4.5","23.5","9","1997","","1","","","",""
"Jordan","Jordan","Dinar (1949-date)","0.05","5 Qirsh / Piastres - Hussein","Standard circulation coins","1992-1998","Round","Nickel plated steel","5","26","1418","1998","","1","VF","","","40.34"
"Jordan","Jordan","Dinar (1949-date)","0.1","1 Dirham / 100 Fils - Hussein","Standard circulation coins","1978-1991","Round","Copper-nickel (75% Copper, 25% Nickel)","12","30","1398","1978","","1","","","",""
"Kenya","Kenya","Shilling (1966-date)","0.05","5 Cents (Without legend)","Standard circulation coins","1966-1968","Round","Nickel brass (79% Copper, 20% Zinc, 1% Nickel)","5.6","25.5","1966","1966","","1","F","","","33.02"
"Kenya","Kenya","Shilling (1966-date)","0.1","10 Cents (Without legend)","Standard circulation coins","1966-1968","Round","Nickel brass (79% Copper, 20% Zinc, 1% Nickel)","9.4","31","1966","1966","","1","VF","","","51.74"
"Kenya","Kenya","Shilling (1966-date)","0.5","50 Cents (With legend)","Standard circulation coins","1969-1978","Round","Copper-nickel (75% Copper, 25% Nickel)","3.89","20.96","1971","1971","","1","VF","","","33.99"
"Kenya","Kenya","Shilling (1966-date)","1","1 Shilling (With legend)","Standard circulation coins","1969-1978","Round","Copper-nickel (75% Copper, 25% Nickel)","8","27.8","1971","1971","","1","VF","","","55.04"
"Kuwait","Kuwait","Dinar (1960-1990 and 1991-date)","0.005","5 Fils (non-magnetic)","Standard circulation coins","1962-2011","Round","Nickel brass","2.5","19.5","1394","1974","","1","F","","",""
"Kuwait","Kuwait","Dinar (1960-1990 and 1991-date)","0.005","5 Fils (non-magnetic)","Standard circulation coins","1962-2011","Round","Nickel brass","2.5","19.5","1399","1979","","1","F","","","29.72"
"Kuwait","Kuwait","Dinar (1960-1990 and 1991-date)","0.005","5 Fils (non-magnetic)","Standard circulation coins","1962-2011","Round","Nickel brass","2.5","19.5","1415","1995","","1","VF","","","17.61"
"Kuwait","Kuwait","Dinar (1960-1990 and 1991-date)","0.01","10 Fils (non-magnetic)","Standard circulation coins","1962-2011","Round","Nickel brass","3.75","21","1401","1981","","1","F","","","30.82"
"Kuwait","Kuwait","Dinar (1960-1990 and 1991-date)","0.05","50 Fils (non-magnetic)","Standard circulation coins","1962-2011","Round","Copper-nickel (75% Cu, 25% Ni)","4.5","23","1397","1977","","1","VF","","","49.53"
"Kuwait","Kuwait","Dinar (1960-1990 and 1991-date)","0.05","50 Fils (non-magnetic)","Standard circulation coins","1962-2011","Round","Copper-nickel (75% Cu, 25% Ni)","4.5","23","1399","1979","","1","VF","","","36.33"
"Kuwait","Kuwait","Dinar (1960-1990 and 1991-date)","0.05","50 Fils (non-magnetic)","Standard circulation coins","1962-2011","Round","Copper-nickel (75% Cu, 25% Ni)","4.5","23","1400","1980","","1","VF","","","26.42"
"Kuwait","Kuwait","Dinar (1960-1990 and 1991-date)","0.05","50 Fils (non-magnetic)","Standard circulation coins","1962-2011","Round","Copper-nickel (75% Cu, 25% Ni)","4.5","23","1410","1990","","1","VF","","","26.42"
"Kuwait","Kuwait","Dinar (1960-1990 and 1991-date)","0.1","100 Fils (non-magnetic)","Standard circulation coins","1962-2010","Round","Copper-nickel","6.5","26","1382","1962","","1","VF","","","99.07"
"Kuwait","Kuwait","Dinar (1960-1990 and 1991-date)","0.1","100 Fils (non-magnetic)","Standard circulation coins","1962-2010","Round","Copper-nickel","6.5","26","1399","1979","","1","VF","","","69.35"
"Kuwait","Kuwait","Dinar (1960-1990 and 1991-date)","0.1","100 Fils (non-magnetic)","Standard circulation coins","1962-2010","Round","Copper-nickel","6.5","26","1403","1983","","1","VF","","","52.84"
"Kuwait","Kuwait","Dinar (1960-1990 and 1991-date)","0.1","100 Fils (non-magnetic)","Standard circulation coins","1962-2010","Round","Copper-nickel","6.5","26","1410","1990","","1","VF","","","55.04"
"Kyrgyzstan","Kyrgyzstan","Som (1993-date)","5","5 Som","Standard circulation coins","2008","Round","Nickel plated steel","4.2","23","2008","2008","","1","AU","","","71.55"
"Kyrgyzstan","Kyrgyzstan","Som (1993-date)","0.1","10 Tyiyn","Standard circulation banknotes","1993","Rectangular","Paper","","90","","1993","","1","UNC","","","73.33"
"Laos","Laos","Lao PDR Kip (1979-date)","500","500 Kip (New coat of arms)","Standard circulation banknotes","2015","Rectangular","Paper","","150","2015","2015","","1","UNC","","","62.83"
"Lebanon","Lebanon","Lebanese pound (1939-date)","0.25","25 Qirshā / Piastres","Standard circulation coins","1968-1980","Round","Nickel brass (92% Copper, 6% Aluminium, 2% Nickel)","4","23.3","1972","1972","","1","","","",""
"Madagascar","Madagascar","Franc (1963-2004)","0.4","2 Francs / Venty Sy Kirobo","Standard circulation coins","1965-1989","Round","Stainless steel","3.4","19","1981","1981","","1","VF","","","157.41"
"Malawi","Malawi","Kwacha (1971-date)","20","20 Kwacha (Blind marks at lower right)","Standard circulation banknotes","2012","Rectangular","Paper","","128","2012","2012","","1","UNC","","","106.77"
"Malawi","Malawi","Kwacha (1971-date)","20","20 Kwacha (Blind mark at center right)","Standard circulation banknotes","2014-2020","Rectangular","Paper","","128","2019","2019","","1","UNC","","","58.34"
"Malaysia","Malaya","Dollar (1939-1953)","100","100 Dollars ""Banana Money"" (Japanese Government)","Standard circulation banknotes","1944","Rectangular","Paper","","170","","1944","","1","","","",""
"Malaysia","Malaysia","Ringgit (1967-date)","0.01","1 Sen","Standard circulation coins","1989-2008","Round","Copper clad steel","1.74","17.78","1994","1994","","1","VF","","","18.71"
"Malaysia","Malaysia","Ringgit (1967-date)","0.01","1 Sen","Standard circulation coins","1989-2008","Round","Copper clad steel","1.74","17.78","1995","1995","","1","F","","","20.91"
"Malaysia","Malaysia","Ringgit (1967-date)","0.01","1 Sen","Standard circulation coins","1989-2008","Round","Copper clad steel","1.74","17.78","1998","1998","","1","F","","","12.11"
"Malaysia","Malaysia","Ringgit (1967-date)","0.01","1 Sen","Standard circulation coins","1989-2008","Round","Copper clad steel","1.74","17.78","1999","1999","","1","VF","","","15.41"
"Malaysia","Malaysia","Ringgit (1967-date)","0.01","1 Sen","Standard circulation coins","1989-2008","Round","Copper clad steel","1.74","17.78","2000","2000","","1","VF","","","22.57"
"Malaysia","Malaysia","Ringgit (1967-date)","0.01","1 Sen","Standard circulation coins","1989-2008","Round","Copper clad steel","1.74","17.78","2001","2001","","1","F","","","13.21"
"Malaysia","Malaysia","Ringgit (1967-date)","0.01","1 Sen","Standard circulation coins","1989-2008","Round","Copper clad steel","1.74","17.78","2002","2002","","1","XF","","","18.13"
"Malaysia","Malaysia","Ringgit (1967-date)","0.01","1 Sen","Standard circulation coins","1989-2008","Round","Copper clad steel","1.74","17.78","2003","2003","","1","VF","","","14.34"
"Malaysia","Malaysia","Ringgit (1967-date)","0.05","5 Sen - First Series Coins - Parliament","Standard circulation coins","1967-1988","Round","Copper-nickel (75% Copper, 25% Nickel)","1.41","16.2","1979","1979","","1","VF","","","28.26"
"Malaysia","Malaysia","Ringgit (1967-date)","0.1","10 Sen - First Series - Parliament","Standard circulation coins","1967-1988","Round","Copper-nickel (75% Copper, 25% Nickel)","2.82","19.4","1967","1967","","1","","","",""
"Malaysia","Malaysia","Ringgit (1967-date)","0.1","10 Sen - First Series - Parliament","Standard circulation coins","1967-1988","Round","Copper-nickel (75% Copper, 25% Nickel)","2.82","19.4","1976","1976","","1","","","",""
"Malaysia","Malaysia","Ringgit (1967-date)","0.2","20 Sen","Standard circulation coins","1967-1988","Round","Copper-nickel (75% Copper, 25% Nickel)","5.65","23.5","1981","1981","","1","XF","","","41.83"
"Malaysia","Malaysia","Ringgit (1967-date)","0.2","20 Sen","Standard circulation coins","1967-1988","Round","Copper-nickel (75% Copper, 25% Nickel)","5.65","23.5","1981","1981","","1","F","","","22.02"
"Malaysia","Malaysia","Ringgit (1967-date)","0.2","20 Sen","Standard circulation coins","1967-1988","Round","Copper-nickel (75% Copper, 25% Nickel)","5.65","23.5","1982","1982","","1","","","",""
"Malaysia","Malaysia","Ringgit (1967-date)","0.2","20 Sen","Standard circulation coins","1989-2011","Round","Copper-nickel (75% Copper, 25% Nickel)","5.66","23.59","2000","2000","","1","VF","","","17.61"
"Malaysia","Malaysia","Ringgit (1967-date)","0.2","20 Sen","Standard circulation coins","1989-2011","Round","Copper-nickel (75% Copper, 25% Nickel)","5.66","23.59","2007","2007","","1","VF","","","32.58"
"Malaysia","Malaysia","Ringgit (1967-date)","0.2","20 Sen","Standard circulation coins","2011-2025","Round","Nickel brass","4.18","20.6","2024","2024","","1","AU","","","34.12"
"Malaysia","Malaysia","Ringgit (1967-date)","0.5","50 Sen","Standard circulation coins","1989-2011","Round","Copper-nickel (75% Copper, 25% Nickel)","9.33","27.76","1996","1996","","1","XF","","","67.15"
"Malaysia","Malaysia","Ringgit (1967-date)","0.5","50 Sen","Standard circulation coins","2011-2025","Spanish flower","Nickel brass clad copper","5.66","22.65","2024","2024","","1","AU","","","63.29"
"Malaysia","Malaysia","Ringgit (1967-date)","1","1 Ringgit - Agong VII (Hijra)","Circulating commemorative coins","1981","Round","Copper-nickel","17","33.5","1401","1981","","1","AU","","","561.92"
"Malaysia","Malaysia","Ringgit (1967-date)","1","1 Ringgit (4th Malaysian Plan)","Non-circulating coins","1981","Round","Copper-nickel","16.9","33.4","","1981","","1","XF","","","508.55"
"Malaysia","Malaysia","Ringgit (1967-date)","1","1 Ringgit - Agong IX (Type 1 denomination)","Standard circulation coins","1989-1993","Round","Tin brass (84% Copper, 12% Zinc, 4% Tin)","9.3","24.5","1992","1992","","1","","","",""
"Malaysia","Malaysia","Ringgit (1967-date)","1","1 Ringgit","Standard circulation banknotes","1998-2000","Rectangular","Paper","","120","","","","1","","","",""
"Malaysia","Malaysia","Ringgit (1967-date)","5","5 Ringgit","Standard circulation banknotes","2012-2025","Rectangular","Polymer","","135","","2012-2021","","1","F","","",""
"Maldives","Maldives","Rufiyaa (1947-date)","0.01","1 Laari (FAO)","Circulating commemorative coins","1984-2012","Round","Aluminium","0.46","15","1404","1984","","1","","","",""
"Maldives","Maldives","Rufiyaa (1947-date)","0.05","5 Laari (FAO)","Circulating commemorative coins","1984-1990","Scalloped (with 8 notches)","Aluminium","1","20.5","1411","1990","","1","VF","","","50.64"
"Maldives","Maldives","Rufiyaa (1947-date)","0.1","10 Laari","Standard circulation coins","1960-1979","Scalloped (with 12 notches)","Aluminium","2","23","1399","1979","","1","","","",""
"Malta","Malta","Euro (2008-date)","","0 Euro Mahatma Gandhi","Zero-euro banknotes","2023","Rectangular","Paper","","135","2023","2023","","1","UNC","","",""
"Mexico","Mexico","Peso (1863-1992)","10","10 Pesos","Standard circulation coins","1974-1985","Equilateral curve heptagon (7-sided)","Copper-nickel (75% Copper, 25% Nickel)","10","30.5","1981","1981","Mo","1","XF","","","69.35"
"Mexico","Mexico","Peso (1863-1992)","10","10 Pesos","Standard circulation coins","1985-1990","Round","Stainless steel (82% Iron, 18% Chromium)","3.84","19","1989","1989","Mo","1","","","",""
"Mexico","Mexico","Peso (1863-1992)","50","50 Pesos","Standard circulation banknotes","1981","Rectangular","Paper","","153","1981","1981","","1","XF","","","143.1"
"Mexico","Mexico","Peso (1863-1992)","100","100 Pesos","Standard circulation banknotes","1981-1982","Rectangular","Paper","","155","1981","1981","","1","VF","","","190.05"
"Mongolia","Mongolia","Tögrög (1925-date)","0.02","2 Möngö","Standard circulation coins","1970-1981","Round","Aluminium","1.05","20","1981","1981","","1","AU","","","133.19"
"Mongolia","Mongolia","Tögrög (1925-date)","0.15","15 Möngö","Standard circulation coins","1970-1981","Round","Copper-nickel","4.05","22","1981","1981","","1","XF","","","183.71"
"Mongolia","Mongolia","Tögrög (1925-date)","0.5","50 Möngö","Standard circulation coins","1970-1981","Round","Copper-nickel","8.6","27.5","1981","1981","","1","XF","","","244.37"
"Mongolia","Mongolia","Tögrög (1925-date)","1","1 Tögrög","Standard circulation banknotes","1993","Rectangular","Paper","","115","","1993","","1","UNC","","","62.74"
"Mongolia","Mongolia","Tögrög (1925-date)","5","5 Tögrög","Standard circulation banknotes","1993","Rectangular","Paper","","120","","1993","","1","","","",""
"Mongolia","Mongolia","Tögrög (1925-date)","10","10 Tögrög","Standard circulation banknotes","2002-2020","Rectangular","Paper","","125","2002","2002","","1","","","",""
"Mongolia","Mongolia","Tögrög (1925-date)","20","20 Tögrög","Standard circulation banknotes","2002-2020","Rectangular","Paper","","130","2005","2005","","1","","","",""
"Mozambique","Mozambique","Escudo (1911-1974)","2.5","2.50 Escudos","Standard circulation coins","1952-1973","Round","Copper-nickel","3.5","20.2","1953","1953","","1","","","",""
"Myanmar","Myanmar","Third kyat (1952-date)","1","1 Kyat","Standard circulation banknotes","1972","Rectangular","Paper","","125","1972","1972","","1","UNC","","","77.64"
"Myanmar","Myanmar","Third kyat (1952-date)","5","5 Kyats","Standard circulation banknotes","1996-1997","Rectangular","Paper (Thick paper)","","130","","1996","","1","UNC","","","77.05"
"Myanmar","Myanmar","Third kyat (1952-date)","10","10 Kyats","Standard circulation banknotes","1973","Rectangular","Paper","","145","","1973","","1","","","",""
"Nepal","Nepal","Rupee (1932-date)","0.25","25 Paisa - Birendra Bir Bikram","Standard circulation coins","1971-1982","Round","Copper-nickel (75% Copper, 25% Nickel)","3.05","18.5","2035","1978","","1","","","",""
"Nepal","Nepal","Rupee (1932-date)","0.25","25 Paisa - Birendra Bir Bikram (large type)","Standard circulation coins","1982-1993","Round","Aluminium","1.8","24.5","2046","1989","","1","","","",""
"Nepal","Nepal","Rupee (1932-date)","1","1 Rupee - Birendra Bir Bikram","Standard circulation banknotes","1993-1999","Rectangular","Paper","","106","","1993-1994","","1","","","",""
"Nepal","Nepal","Rupee (1932-date)","1","1 Rupee - Birendra Bir Bikram","Standard circulation banknotes","1993-1999","Rectangular","Paper","","106","","1995-1999","","2","","","",""
"Nepal","Nepal","Rupee (1932-date)","2","2 Rupees - Birendra Bir Bikram Shah","Standard circulation banknotes","1981-2001","Rectangular","Paper","","114","","2000-2001","","1","","","",""
"Nepal","Nepal","Rupee (1932-date)","5","5 Rupees - Birendra Bir Bikram","Standard circulation banknotes","1986-2001","Rectangular","Paper","","120","","1993-1995","","1","","","",""
"Nepal","Nepal","Rupee (1932-date)","5","5 Rupees - Gyanendra Bir Bikram (Black and white portrait)","Standard circulation banknotes","2002","Rectangular","Paper","","120","","2002","","1","","","",""
"Nepal","Nepal","Rupee (1932-date)","10","10 Rupees - Gyanendra Bir Bikram (Accession)","Circulating commemorative banknotes","2002","Rectangular","Polymer","","133","","","","1","","","",""
"Nepal","Nepal","Rupee (1932-date)","10","10 Rupees - Gyanendra Bir Bikram","Standard circulation banknotes","2005","Rectangular","Polymer","","133","","2005","","1","","","",""
"Netherlands","Netherlands Antilles","Gulden (1828-date)","0.05","5 Cents","Standard circulation coins","1971-1985","Square with rounded corners","Copper-nickel (75% copper, 25% nickel)","4.5","18","1981","1981","","1","VF","","","33.02"
"New Zealand","New Zealand","Dollar (1967-date)","0.02","2 Cents - Elizabeth II (2nd portrait)","Standard circulation coins","1967-1985","Round","Bronze","4.15","21.1","1981","1981","","1","VF","","","29.63"
"New Zealand","New Zealand","Dollar (1967-date)","0.05","5 Cents - Elizabeth II (2nd portrait)","Standard circulation coins","1967-1985","Round","Copper-nickel","2.83","19.43","1967","1967","","1","","","",""
"New Zealand","New Zealand","Dollar (1967-date)","0.5","50 Cents - Elizabeth II (2nd portrait)","Standard circulation coins","1967-1985","Round","Copper-nickel","13.61","31.75","1981","1981","","1","F","","","64.95"
"New Zealand","New Zealand","Dollar (1967-date)","1","1 Dollar - Elizabeth II (Berry Portrait; Royal Visit)","Non-circulating coins","1981","Round","Copper-nickel","28.28","38.61","1981","1981","","1","UNC","","","536"
"New Zealand","Tokelau","Dollar of New Zealand (1978-date)","0.02","2 Cents - Elizabeth II (4th portrait)","Non-circulating coins","2017","Round","Bronze","4.77","21","2017","2017","","1","AU","","","245.36"
"North Korea","North Korea","Second Won (1959-2009)","0.01","1 Chon (FAO)","Non-circulating coins","2002","Round","Brass","4.63","21.7","2002","2002","","1","AU","","","132.48"
"Norway","Norway","Krone (1875-date)","1","1 Krone - Harald V","Standard circulation coins","1997-2016","Round with a round hole","Copper-nickel (Cu 75%, Ni 25%)","4.3","21","2008","2008","","1","AU","","","30.82"
"Norway","Norway","Krone (1875-date)","50","50 Kroner (The sea that binds us together)","Standard circulation banknotes","2017","Rectangular","Paper","","125","2017","2017","","1","XF","","","506.35"
"Oman","Oman","Rial (1972-date)","0.01","10 Baisa - Qaboos","Standard circulation coins","1999-2013","Round","Copper clad steel","4.1","22.5","1420","1999","","1","VF","","","44.03"
"Oman","Oman","Rial (1972-date)","0.01","10 Baisa - Qaboos (National Day)","Circulating commemorative coins","2015","Round","Copper clad steel","4.1","22.5","1437","2015","","1","","","",""
"Oman","Oman","Rial (1972-date)","0.025","25 Baisa - Qaboos","Standard circulation coins","1975-1998","Round","Copper-nickel (75% Copper, 25% Nickel)","3","18","1410","1990","","1","VF","","","29.3"
"Oman","Oman","Rial (1972-date)","0.025","25 Baisa - Qaboos","Standard circulation coins","1999","Round","Copper-nickel","3.03","18","1420","1999","","1","AU","","","55.04"
"Oman","Oman","Rial (1972-date)","0.025","25 Baisa - Qaboos (National Day)","Circulating commemorative coins","2015","Round","Nickel clad steel","2.7","18","1437","2015","","1","AU","","","67.15"
"Oman","Oman","Rial (1972-date)","0.05","50 Baisa - Qaboos","Standard circulation coins","1975-1998","Round","Copper-nickel (75% Copper, 25% Nickel)","6.4","24","1418","1998","","1","VF","","","72.64"
"Oman","Oman","Rial (1972-date)","0.1","100 Baisa - Qaboos bin Sa'id","Standard circulation banknotes","1987-1994","Rectangular","Paper","","120","1409","1989","","1","","","",""
"Oman","Oman","Rial (1972-date)","0.1","100 Baisa - Qaboos bin Sa'id","Standard circulation banknotes","1995","Rectangular","Paper","","122","1416","1995","","1","VF","","","63.84"
"Oman","Oman","Rial (1972-date)","0.1","100 Baisa","Standard circulation banknotes","2020","Rectangular","Hybrid substrate (OPTIKS© substrate)","","120","1441","2020","","1","VF","","","36.33"
"Oman","Oman","Rial (1972-date)","0.2","200 Baisa - Qaboos bin Sa'id","Standard circulation banknotes","1987-1994","Rectangular","Paper","","130","1407","1987","","1","","","",""
"Pakistan","Pakistan","Rupee (decimalized, 1961-date)","0.25","25 Paisa","Standard circulation coins","1975-1981","Round","Copper-nickel (75% Copper, 25% Nickel)","4","20","1981","1981","","1","F","","",""
"Pakistan","Pakistan","Rupee (decimalized, 1961-date)","0.5","50 Paisa (Hejira)","Circulating commemorative coins","1981","Round","Copper-nickel","5","23","1401","1981","","1","XF","","","104.66"
"Pakistan","Pakistan","Rupee (decimalized, 1961-date)","1","1 Rupee (Hejira)","Circulating commemorative coins","1981","Round","Copper-nickel","6.5","26.5","1401","1981","","1","XF","","","118.93"
"Pakistan","Pakistan","Rupee (decimalized, 1961-date)","1","1 Rupee (with Urdu text ""Type B"" on reverse)","Standard circulation banknotes","1984-2002","Rectangular","Paper","","94","","1996","","1","UNC","","","84.21"
"Pakistan","Pakistan","Rupee (decimalized, 1961-date)","2","2 Rupees","Standard circulation banknotes","1978-1999","Rectangular","Paper","","108","","","","1","UNC","","",""
"Pakistan","Pakistan","Rupee (decimalized, 1961-date)","5","5 Rupees (Urdu text “Type B”)","Standard circulation banknotes","1984-2005","Rectangular","Paper","","128","","1989-1993","","1","","","",""
"Pakistan","Pakistan","Rupee (decimalized, 1961-date)","5","5 Rupees","Standard circulation banknotes","2008-2010","Rectangular","Paper","","115","2008","2008","","1","UNC","","","82.56"
"Pakistan","Pakistan","Rupee (decimalized, 1961-date)","10","10 Rupees","Standard circulation banknotes","2006-2026","Rectangular","Paper","","115","2020","2020","","1","","","",""
"Pakistan","Pakistan","Rupee (decimalized, 1961-date)","10","10 Rupees","Standard circulation banknotes","2006-2026","Rectangular","Paper","","115","2021","2021","","1","UNC","","","53.94"
"Pakistan","Pakistan","Rupee (decimalized, 1961-date)","20","20 Rupees","Standard circulation banknotes","2005-2007","Rectangular","Paper","","123","2006","2006","","1","UNC","","","118.88"
"Papua New Guinea","Papua New Guinea","Kina (1975-date)","1","1 Kina - Elizabeth II (Salt Water Crocodiles)","Standard circulation coins","2002-2004","Round with a round hole","Nickel plated steel","14.61","33.28","2004","2004","","1","AU","","","259.18"
"Peru","Peru","Sol (1863-1930) / Sol de Oro (1931-1985)","50","50 Soles de Oro","Standard circulation coins","1979-1983","Round","Aluminium bronze","9","28","1981","1981","","1","VF","","","57.22"
"Philippines","Philippines","Piso (1967-date)","0.5","50 Sentimo (Large type)","Standard circulation coins","1983-1990","Round","Copper-nickel","6","25","1989","1989","","1","F","","","18.83"
"Philippines","Philippines","Piso (1967-date)","1","1 Piso","Standard circulation coins","1975-1982","Round","Copper-nickel (75% Copper, 25% Nickel)","9.5","29","1981","1981","","1","VF","","","55.04"
"Philippines","Philippines","Piso (1967-date)","1","1 Piso (Small type)","Standard circulation coins","1991-1994","Round","Stainless steel","4","21.6","1994","1994","","1","VF","","","24.22"
"Philippines","Philippines","Piso (1967-date)","1","1 Piso (Non-magnetic)","Standard circulation coins","1995-2003","Round","Copper-nickel","6.1","24","1995","1995","PI","1","VF","","","22.02"
"Philippines","Philippines","Piso (1967-date)","2","2 Piso (Ang Bagong Lipunan; Seal type 3)","Standard circulation banknotes","1973-1978","Rectangular","Paper (90% Cotton, 10% Linen)","","160","","1973-1978","","1","","","",""
"Philippines","Philippines","Piso (1967-date)","10","10 Piso (Marcos Inauguration)","Circulating commemorative banknotes","1981","Rectangular","Paper (90% Cotton, 10% Linen)","","160","1981","1981","","1","UNC","","","150.81"
"Poland","Poland","Fourth Zloty (1995-date)","10","10 Zlotys","Standard circulation banknotes","1994","Rectangular","Paper","","120","1994","1994","","1","","","",""
"Portugal","Portugal","Escudo (1911-2001)","5","5 Escudos","Standard circulation coins","1963-1986","Round","Copper-nickel (75% copper, 25% nickel)","7","24.5","1981","1981","","1","F","","","26.42"
"Portugal","Portugal","Escudo (1911-2001)","25","25 Escudos","Standard circulation coins","1980-1986","Round","Copper-nickel","10.8","28.5","1981","1981","","1","VF","","","55.04"
"Portugal","Portugal","Escudo (1911-2001)","25","25 Escudos (International Year of Disabled People)","Circulating commemorative coins","1984","Round","Copper-nickel","11","28.5","","1984","INCM","1","XF","","","143.1"
"Portugal","Portugal","Escudo (1911-2001)","100","100 Escudos (International Year of Disabled Persons)","Circulating commemorative coins","1984","Round","Copper-nickel","17","34","","1984","","1","AU","","","198.14"
"Portugal","Portugal","Escudo (1911-2001)","100","100 Escudos (8th. print)","Standard circulation banknotes","1980-1985","Rectangular","Paper","","150","1981","1981","","1","AU","","",""
"Portugal","Portugal","Escudo (1911-2001)","1000","1000 Escudos (11th. print)","Standard circulation banknotes","1968-1982","Rectangular","Paper","","163","1981","1981","","1","XF","","",""
"Qatar","Qatar","Riyal (1973-date)","0.25","25 Dirhams","Standard circulation coins","1973-1998","Round","Copper-nickel (74.50% copper, 25.25% nickel)","3.5","20","1393","1973","","1","","","",""
"Qatar","Qatar","Riyal (1973-date)","0.25","25 Dirhams","Standard circulation coins","1973-1998","Round","Copper-nickel (74.50% copper, 25.25% nickel)","3.5","20","1396","1976","","1","","","",""
"Qatar","Qatar","Riyal (1973-date)","0.25","25 Dirhams","Standard circulation coins","1973-1998","Round","Copper-nickel (74.50% copper, 25.25% nickel)","3.5","20","1401","1981","","1","F","","",""
"Qatar","Qatar","Riyal (1973-date)","0.5","50 Dirhams","Standard circulation coins","1973-1998","Round","Copper-nickel (74.50% copper, 25.25% nickel)","6.5","25","1401","1981","","1","VF","","","66.05"
"Qatar","Qatar","Riyal (1973-date)","0.5","50 Dirhams","Standard circulation coins","1973-1998","Round","Copper-nickel (74.50% copper, 25.25% nickel)","6.5","25","1407","1987","","1","","","",""
"Qatar","Qatar","Riyal (1973-date)","1","1 Riyal (With marks for the blinds)","Standard circulation banknotes","2008-2015","Rectangular","Paper","","134","","","","2","","","",""
"Qatar","Qatar","Riyal (1973-date)","10","10 Riyals (With marks for the blinds)","Standard circulation banknotes","2008-2015","Rectangular","Paper","","146","","","","1","","","",""
"Russia","Russian Federation","Rouble (1998-date)","5","5 Roubles","Standard circulation banknotes","1997-2024","Rectangular","Paper","","137","1997","1997","","1","UNC","","","74.89"
"Russia","Soviet Union","Sixth Rouble (1961-1991)","0.02","2 Kopecks","Standard circulation coins","1961-1991","Round","Manganese brass (58% Copper, 40% Zinc, 2% Manganese)","2","18","1981","1981","","1","XF","","","22.02"
"Russia","Soviet Union","Sixth Rouble (1961-1991)","0.1","10 Kopecks","Standard circulation coins","1961-1991","Round","Nickel brass","1.6","17.27","1981","1981","","1","VF","","","18.71"
"Russia","Soviet Union","Sixth Rouble (1961-1991)","0.1","10 Kopecks","Standard circulation coins","1961-1991","Round","Nickel brass","1.6","17.27","1987","1987","","1","XF","","","24.22"
"Russia","Soviet Union","Sixth Rouble (1961-1991)","0.1","10 Kopecks","Standard circulation coins","1961-1991","Round","Nickel brass","1.6","17.27","1988","1988","","1","XF","","","18.71"
"Russia","Soviet Union","Sixth Rouble (1961-1991)","0.15","15 Kopecks","Standard circulation coins","1961-1991","Round","Nickel brass","2.5","19.56","1981","1981","","1","VF","","","18.71"
"Russia","Soviet Union","Sixth Rouble (1961-1991)","0.2","20 Kopecks","Standard circulation coins","1961-1991","Round","Nickel brass","3.4","21.8","1961","1961","","1","XF","","","47.33"
"Russia","Soviet Union","Sixth Rouble (1961-1991)","0.2","20 Kopecks","Standard circulation coins","1961-1991","Round","Nickel brass","3.4","21.8","1983","1983","","1","VF","","","27.52"
"Russia","Soviet Union","Sixth Rouble (1961-1991)","1","1 Rouble (October Revolution)","Circulating commemorative coins","1967-1988","Round","Nickel brass","11.25","31","1967","1967","","1","XF","","","165.12"
"Russia","Soviet Union","Sixth Rouble (1961-1991)","1","1 Rouble (Gagarin's Spaceflight)","Circulating commemorative coins","1981-1988","Round","Copper-nickel","12.8","31","1981","1981","","1","AU","","","350.05"
"Russia","Soviet Union","Sixth Rouble (1961-1991)","3","3 Rubles ""Polyglot Ruble""","Standard circulation banknotes","1961","Rectangular","Paper (without gloss, yellow-gray, stiffer; or with gloss, white)","","114","1961","1961","","1","VF","","","100.72"
"Samoa","Samoa","Tala (1967-date)","1","1 Tala - Tanumafili II (Royal Wedding)","Non-circulating coins","1981","Round","Copper-nickel","27.1","38.8","1981","1981","","1","UNC","","","500.85"
"San Marino","San Marino","Lira (1864-2001)","1","1 Lira (Freedom)","Non-circulating coins","1973","Round","Aluminium","0.7","18.2","1973","1973","","1","UNC","","1973 San Marino Mint Set","115.51"
"San Marino","San Marino","Lira (1864-2001)","1","1 Lira (Struggle against Drug Abuse)","Non-circulating coins","1985","Round","Aluminium","0.625","17.2","1985","1985","R","1","UNC","","1985 San Marino Mint Set","132.09"
"San Marino","San Marino","Lira (1864-2001)","2","2 Lire (Against Hunger in the World)","Non-circulating coins","1973","Round","Aluminium","0.8","18.3","1973","1973","","1","UNC","","1973 San Marino Mint Set","121.08"
"San Marino","San Marino","Lira (1864-2001)","2","2 Lire (Struggle against Drug Abuse)","Non-circulating coins","1985","Round","Aluminium","0.8","18.3","1985","1985","R","1","UNC","","1985 San Marino Mint Set","132.09"
"San Marino","San Marino","Lira (1864-2001)","5","5 Lire (Men are Citizens of the World)","Non-circulating coins","1973","Round","Aluminium","1","20.2","1973","1973","","1","UNC","","1973 San Marino Mint Set","133.79"
"San Marino","San Marino","Lira (1864-2001)","5","5 Lire (Struggle against Drug Abuse)","Circulating commemorative coins","1985","Round","Aluminium","1","20.2","1985","1985","R","1","UNC","","1985 San Marino Mint Set","177.36"
"San Marino","San Marino","Lira (1864-2001)","10","10 Lire (Safeguarding past Patrimony and Protection of Environment)","Non-circulating coins","1973","Round","Aluminium","1.6","23.3","1973","1973","","1","UNC","","1973 San Marino Mint Set","144.71"
"San Marino","San Marino","Lira (1864-2001)","10","10 Lire (Drug Prevention)","Circulating commemorative coins","1985","Round","Aluminium","1.6","23.3","1985","1985","R","1","UNC","","1985 San Marino Mint Set","189.33"
"San Marino","San Marino","Lira (1864-2001)","20","20 Lire (Human Solidarity)","Non-circulating coins","1973","Round","Aluminium bronze","3.6","21.25","1973","1973","","1","UNC","","1973 San Marino Mint Set","154.11"
"San Marino","San Marino","Lira (1864-2001)","20","20 Lire (Drug Prevention)","Circulating commemorative coins","1985","Round","Aluminium bronze","3.6","21.3","1985","1985","R","1","UNC","","1985 San Marino Mint Set","184.93"
"San Marino","San Marino","Lira (1864-2001)","50","50 Lire (Social Justice)","Non-circulating coins","1973","Round","Stainless steel","6.2","24.8","1973","1973","","1","UNC","","1973 San Marino Mint Set","167.27"
"San Marino","San Marino","Lira (1864-2001)","50","50 Lire (Drug Prevention)","Non-circulating coins","1985","Round","Stainless steel","6.25","24.8","1985","1985","R","1","UNC","","1985 San Marino Mint Set","221"
"San Marino","San Marino","Lira (1864-2001)","100","100 Lire (The Dissemination of Culture)","Non-circulating coins","1973","Round","Stainless steel","8","27.8","1973","1973","","1","UNC","","1973 San Marino Mint Set","200.81"
"San Marino","San Marino","Lira (1864-2001)","100","100 Lire","Circulating commemorative coins","1981","Round","Acmonital","8","27.8","1981","1981","R","1","UNC","","","169.06"
"San Marino","San Marino","Lira (1864-2001)","100","100 Lire (Redemption from drugs)","Circulating commemorative coins","1985","Round","Stainless steel","8","27.8","1985","1985","R","1","UNC","","1985 San Marino Mint Set","190.43"
"San Marino","San Marino","Lira (1864-2001)","200","200 Lire (Redemption from drugs)","Circulating commemorative coins","1985","Round","Aluminium bronze","5","24","1985","1985","R","1","UNC","","1985 San Marino Mint Set","330.23"
"San Marino","San Marino","Lira (1864-2001)","500","500 Lire (Peace in the World)","Non-circulating coins","1973","Round","Silver (.835)","11","29","1973","1973","","1","UNC","","1973 San Marino Mint Set","2435.99"
"San Marino","San Marino","Lira (1864-2001)","500","500 Lire (Redemption from drugs)","Circulating commemorative coins","1985","Round","Bimetallic: aluminium bronze centre in stainless steel ring","6.8","25.8","1985","1985","R","1","UNC","","1985 San Marino Mint Set","505.25"
"Saudi Arabia","Saudi Arabia","Riyal (1960-date)","0.05","1 Qirsh / 5 Halalas - Fayṣal","Standard circulation coins","1972","Round","Copper-nickel (75% Copper, 25% Nickel)","2.5","19.5","1392","1972","","1","VF","","","44.03"
"Saudi Arabia","Saudi Arabia","Riyal (1960-date)","0.05","1 Qirsh / 5 Halalāt - Khalid","Standard circulation coins","1977-1980","Round","Copper-nickel","2.5","19.5","1397","1977","","1","VF","","","39.81"
"Saudi Arabia","Saudi Arabia","Riyal (1960-date)","0.05","1 Qirsh / 5 Halalāt - Khalid","Standard circulation coins","1977-1980","Round","Copper-nickel","2.5","19.5","1400","1980","","1","VF","","","37.66"
"Saudi Arabia","Saudi Arabia","Riyal (1960-date)","0.1","2 Qirsh / 10 Halalāt - Fayṣal","Standard circulation coins","1972","Round","Copper-nickel (75% Copper, 25% Nickel)","4","21","1392","1972","","1","F","","","44.03"
"Saudi Arabia","Saudi Arabia","Riyal (1960-date)","0.1","2 Qirsh / 10 Halalāt - Khālid","Standard circulation coins","1977-1980","Round","Copper-nickel (75% Copper, 25% Nickel)","4","21","1400","1980","","1","VF","","","52.25"
"Saudi Arabia","Saudi Arabia","Riyal (1960-date)","0.1","2 Qirsh / 10 Halalāt - Fahd","Standard circulation coins","1988-2002","Round","Copper-nickel","4","21","1408","1988","","1","VF","","","33.02"
"Saudi Arabia","Saudi Arabia","Riyal (1960-date)","0.25","¼ Riyal / 25 Halālah - Khālid","Standard circulation coins","1977-1980","Round","Copper-nickel (75% Copper, 25% Nickel)","5","23","1400","1980","","1","F","","","34.6"
"Saudi Arabia","Saudi Arabia","Riyal (1960-date)","0.25","¼ Riyal / 25 Halālah - Fahd","Standard circulation coins","1988-2002","Round","Copper-nickel","5","23","1408","1988","","1","VF","","","50.64"
"Saudi Arabia","Saudi Arabia","Riyal (1960-date)","0.25","¼ Riyal / 25 Halālah - Abdullāh","Standard circulation coins","2009-2014","Round","Copper-nickel","5","23","1435","2014","","1","XF","","","40.69"
"Saudi Arabia","Saudi Arabia","Riyal (1960-date)","0.5","½ Riyal / 50 Halalah - Khālid","Standard circulation coins","1977-1980","Round","Copper-nickel (75% Copper, 25% Nickel)","6.5","26","1400","1980","","1","VF","","","36.33"
"Saudi Arabia","Saudi Arabia","Riyal (1960-date)","0.5","½ Riyal / 50 Halalah - Abdullāh","Standard circulation coins","2007-2015","Round","Copper-nickel","6.5","26","1431","2010","","1","XF","","","43.51"
"Saudi Arabia","Saudi Arabia","Riyal (1960-date)","1","1 Riyal / 100 Halalah - Khālid","Standard circulation coins","1976-1980","Round","Copper-nickel (75% Copper, 25% Nickel)","10","30","1396","1976","","1","VF","","","66.05"
"Saudi Arabia","Saudi Arabia","Riyal (1960-date)","1","1 Riyal - Fahd bin Abdulaziz","Standard circulation banknotes","1984","Rectangular","Paper","","134","","","","1","","","",""
"Saudi Arabia","Saudi Arabia","Riyal (1960-date)","1","1 Riyal","Standard circulation banknotes","2007-2016","Rectangular","Paper","","134","1428","2007","","1","F","","","78.15"
"Saudi Arabia","Saudi Arabia","Riyal (1960-date)","1","1 Riyal","Standard circulation banknotes","2007-2016","Rectangular","Paper","","134","1428","2007","","1","F","","","78.15"
"Saudi Arabia","Saudi Arabia","Riyal (1960-date)","1","1 Riyal","Standard circulation banknotes","2007-2016","Rectangular","Paper","","134","1430","2009","","1","F","","","51.32"
"Saudi Arabia","Saudi Arabia","Riyal (1960-date)","10","10 Riyals - Fahd bin Abdulaziz","Standard circulation banknotes","1983","Rectangular","Paper","","150","","","","1","","","",""
"Seychelles","Seychelles","Rupee (1914-date)","0.25","25 Cents","Standard circulation coins","1993-2012","Round","Nickel plated steel","2.97","18.9","1997","1997","PM","1","","","",""
"Singapore","Singapore","Dollar (1967-date)","0.01","1 Cent (magnetic)","Standard circulation coins","1976-1985","Round","Copper clad steel (90% Steel, 10% Copper)","1.744","17.78","1981","1981","","1","UNC","","1981 Singapore UNC Coin Set","69.35"
"Singapore","Singapore","Dollar (1967-date)","0.01","1 Cent (ribbon downwards)","Standard circulation coins","1992-2002","Round","Copper plated zinc","1.24","15.9","1994","1994","","1","XF","","","16.51"
"Singapore","Singapore","Dollar (1967-date)","0.05","5 Cents (non-magnetic)","Standard circulation coins","1967-1985","Round","Copper-nickel (75% Copper, 25% Nickel)","1.41","16.25","1969","1969","","1","XF","","","34.12"
"Singapore","Singapore","Dollar (1967-date)","0.05","5 Cents (non-magnetic)","Standard circulation coins","1967-1985","Round","Copper-nickel (75% Copper, 25% Nickel)","1.41","16.25","1976","1976","","1","XF","","","31.73"
"Singapore","Singapore","Dollar (1967-date)","0.05","5 Cents (non-magnetic)","Standard circulation coins","1967-1985","Round","Copper-nickel (75% Copper, 25% Nickel)","1.41","16.25","1977","1977","","1","XF","","","45.24"
"Singapore","Singapore","Dollar (1967-date)","0.05","5 Cents (non-magnetic)","Standard circulation coins","1967-1985","Round","Copper-nickel (75% Copper, 25% Nickel)","1.41","16.25","1981","1981","","1","UNC","","1981 Singapore UNC Coin Set","55.04"
"Singapore","Singapore","Dollar (1967-date)","0.05","5 Cents (ribbon upwards)","Standard circulation coins","1985-1991","Round","Aluminium bronze","1.56","16.75","1990","1990","","1","XF","","","23.12"
"Singapore","Singapore","Dollar (1967-date)","0.1","10 Cents","Standard circulation coins","1967-1985","Round","Copper-nickel (75% Copper, 25% Nickel)","2.83","19.41","1971","1971","","1","XF","","","27.52"
"Singapore","Singapore","Dollar (1967-date)","0.1","10 Cents","Standard circulation coins","1967-1985","Round","Copper-nickel (75% Copper, 25% Nickel)","2.83","19.41","1980","1980","","1","VF","","","26.42"
"Singapore","Singapore","Dollar (1967-date)","0.1","10 Cents","Standard circulation coins","1967-1985","Round","Copper-nickel (75% Copper, 25% Nickel)","2.83","19.41","1981","1981","","1","UNC","","1981 Singapore UNC Coin Set","55.04"
"Singapore","Singapore","Dollar (1967-date)","0.1","10 Cents (ribbon upwards)","Standard circulation coins","1985-1991","Round","Copper-nickel","2.6","18.5","1986","1986","","1","VF","","","18.71"
"Singapore","Singapore","Dollar (1967-date)","0.1","10 Cents (ribbon upwards)","Standard circulation coins","1985-1991","Round","Copper-nickel","2.6","18.5","1991","1991","","1","XF","","","22.02"
"Singapore","Singapore","Dollar (1967-date)","0.2","20 Cents","Standard circulation coins","1967-1985","Round","Copper-nickel (75% Copper, 25% Nickel)","5.66","23.6","1981","1981","","1","UNC","","1981 Singapore UNC Coin Set","111.18"
"Singapore","Singapore","Dollar (1967-date)","0.5","50 Cents","Standard circulation coins","1967-1985","Round","Copper-nickel (75% Copper, 25% Nickel)","9.33","27.76","1981","1981","","1","UNC","","1981 Singapore UNC Coin Set","110.08"
"Singapore","Singapore","Dollar (1967-date)","0.5","50 Cents (ribbon downwards)","Standard circulation coins","1992-2013","Round","Copper-nickel","7.29","24.66","1995","1995","sm","1","VF","","","38.53"
"Singapore","Singapore","Dollar (1967-date)","1","1 Dollar","Standard circulation coins","1967-1985","Round","Copper-nickel (75% Copper, 25% Nickel)","16.85","33.32","1981","1981","","1","UNC","","1981 Singapore UNC Coin Set","479.94"
"Singapore","Singapore","Dollar (1967-date)","1","1 Dollar (ribbon upwards)","Standard circulation coins","1987-1991","Round","Aluminium bronze","6.3","22.4","1989","1989","","1","VF","","","59.44"
"Singapore","Singapore","Dollar (1967-date)","5","5 Dollars (Changi Airport)","Non-circulating coins","1981","Round","Copper-nickel","17","33.5","1981","1981","","1","AU","","",""
"Singapore","Singapore","Dollar (1967-date)","10","10 Dollars (Year of the Rooster)","Non-circulating coins","1981","Round","Nickel","28.2","40.5","1981","1981","","1","UNC","","","958.77"
"Slovakia","Slovakia","Koruna (1993-2008)","20","20 Korun","Standard circulation banknotes","1993-2006","Rectangular","Paper","","128","2004","2004","","1","","","",""
"Solomon Islands","Solomon Islands","Dollar (1977-date)","40","40 Dollars (40 Years of Independence)","Circulating commemorative banknotes","2018","Rectangular","Polymer (Safeguard)","","140","","2018","","1","UNC","","","1210.85"
"Somalia","Somalia","Shilling (1962-date)","10","10 Shillings (FAO)","Non-circulating coins","1999-2002","Round","Aluminium","1.4","22","2000","2000","","1","UNC","","","142"
"Somalia","Somalia","Shilling (1962-date)","100","100 Shilin / 100 Shillings","Standard circulation banknotes","1981","Rectangular","Paper","","165","1981","1981","","1","F","","",""
"South Africa","South Africa","Rand (1961-date)","1","1 Rand (Ningizimu Afrika - Afurika Tshipembe)","Standard circulation coins","2007-2019","Round","Nickel plated copper","4","20","2007","2007","","1","VF","","","47.98"
"South Africa","South Africa","Rand (1961-date)","2","2 Rand (SUID-AFRIKA - SOUTH AFRICA)","Standard circulation coins","1989-1995","Round","Nickel plated copper (Core: 94% Copper; Cladding: 6% Nickel)","5.5","23","1990","1990","","1","","","",""
"South Africa","South Africa","Rand (1961-date)","5","5 Rand (SOUTH AFRICA - SUID-AFRIKA)","Standard circulation coins","1994-1995","Round","Nickel plated copper","7","26","1994","1994","","1","VF","","","84.76"
"South Korea","South Korea","New won (1962-date)","100","100 Won","Standard circulation coins","1983-2026","Round","Copper-nickel (75% Copper, 25% Nickel)","5.42","24","1989","1989","","1","","","",""
"South Korea","South Korea","New won (1962-date)","500","500 Won","Standard circulation coins","1982-2026","Round","Copper-nickel (75% Copper, 25% Nickel)","7.7","26.5","1994","1994","","1","","","",""
"South Korea","South Korea","New won (1962-date)","1000","1000 Won","Standard circulation banknotes","2007","Rectangular","Paper","","136","","2007","","2","","","",""
"South Korea","South Korea","New won (1962-date)","5000","5000 Won","Standard circulation banknotes","2006","Rectangular","Paper","","142","","2006","","1","","","",""
"Spain","Spain","Peseta (1868-2001)","1","1 Peseta - Francisco Franco (Ávalos)","Standard circulation coins","1967-1975","Round","Aluminium bronze (92.5% copper, 7.5% aluminium)","3.5","21","1966","1973","🟌","1","F","","","12.11"
"Spain","Spain","Peseta (1868-2001)","100","100 Pesetas - Juan Carlos I (Value as ""CIEN"")","Standard circulation coins","1982-1990","Round","Aluminium bronze (88.4% copper, 5% nickel, 5% aluminium, 1% iron, 0.6% manganese)","9.25","24.5","1988","1988","M","1","VF","","","120.7"
"Spain","Spain","Euro (2002-date)","0.01","1 Euro Cent (1st type)","Standard circulation coins","1999-2009","Round","Copper plated steel","2.3","16.25","2003","2003","M","1","F","","","1.1"
"Spain","Spain","Euro (2002-date)","0.05","5 Euro Cents (1st type)","Standard circulation coins","1999-2009","Round","Copper plated steel","3.92","21.25","2006","2006","M","1","","","",""
"Spain","Spain","Euro (2002-date)","0.1","10 Euro Cents (1st type; 1st map)","Standard circulation coins","1999-2006","Round","Nordic gold (89% Copper, 5% Aluminium, 5% Zinc, 1% Tin)","4.1","19.75","2000","2000","M","1","VF","","","11.01"
"Spain","Spain","Euro (2002-date)","0.2","20 Euro Cents (1st type; 1st map)","Standard circulation coins","1999-2006","Spanish flower","Nordic gold (89% Copper, 5% Aluminium, 5% Zinc, 1% Tin)","5.74","22.25","2002","2002","M","1","","","",""
"Spain","Spain","Euro (2002-date)","0.5","50 Euro Cents (1st type; 1st map)","Standard circulation coins","1999-2006","Round","Nordic gold (89% Copper, 5% Aluminium, 5% Zinc, 1% Tin)","7.8","24.25","2000","2000","M","1","","","",""
"Spain","Spain","Euro (2002-date)","1","1 Euro - Juan Carlos I (1st type; 1st map)","Standard circulation coins","1999-2006","Round","Bimetallic: copper-nickel clad nickel centre in nickel brass ring","7.5","23.25","2001","2001","M","1","","","",""
"Spain","Spain","Euro (2002-date)","1","1 Euro - Juan Carlos I (1st type; 1st map)","Standard circulation coins","1999-2006","Round","Bimetallic: copper-nickel clad nickel centre in nickel brass ring","7.5","23.25","2003","2003","M","1","VF","","","110.08"
"Sri Lanka","Ceylon","Rupee (1871-1972)","1","1 Rupee (Buddhism)","Circulating commemorative coins","1957","Round","Copper-nickel","11.31","28","1957","1957","","1","XF","","","220.15"
"Sri Lanka","Ceylon","Rupee (1871-1972)","1","1 Rupee - Elizabeth II","Standard circulation coins","1963-1971","Round","Copper-nickel","7","25","1965","1965","","1","VF","","","55.04"
"Sri Lanka","Sri Lanka","Rupee (1972-date)","0.5","50 Cents (Non-magnetic)","Standard circulation coins","1972-1994","Round","Copper-nickel (non-magnetic)","5.5","21.5","1978","1978","","1","","","",""
"Sri Lanka","Sri Lanka","Rupee (1972-date)","0.5","50 Cents (Non-magnetic)","Standard circulation coins","1972-1994","Round","Copper-nickel (non-magnetic)","5.5","21.5","1982","1982","","1","","","",""
"Sri Lanka","Sri Lanka","Rupee (1972-date)","2","2 Rupees (FAO; Mahaweli Dam)","Circulating commemorative coins","1981","Round","Copper-nickel","8.25","28.5","1981","1981","","1","AU","","","75.95"
"Sri Lanka","Sri Lanka","Rupee (1972-date)","2","2 Rupees (FAO; Mahaweli Dam)","Circulating commemorative coins","1981","Round","Copper-nickel","8.25","28.5","1981","1981","","1","VF","","","55.04"
"Sri Lanka","Sri Lanka","Rupee (1972-date)","2","2 Rupees","Standard circulation coins","1984-2004","Round","Copper-nickel","8.25","28.5","1984","1984","","1","VF","","","47.33"
"Sri Lanka","Sri Lanka","Rupee (1972-date)","5","5 Rupees (Election Right)","Circulating commemorative coins","1981","Decagonal (10-sided)","Copper-nickel","9.6","30","1981","1981","","1","XF","","","205.84"
"Sri Lanka","Sri Lanka","Rupee (1972-date)","5","5 Rupees (non-magnetic)","Standard circulation coins","1984-2004","Round","Nickel brass","9.5","23.4","1986","1986","","1","","","",""
"Sri Lanka","Sri Lanka","Rupee (1972-date)","10","10 Rupees (Shelter for Homeless)","Circulating commemorative coins","1987","Square with rounded corners","Copper-nickel","11.5","30","1987","1987","","1","XF","","","349.56"
"Sri Lanka","Sri Lanka","Rupee (1972-date)","10","10 Rupees (Nuwara Eliya)","Circulating commemorative coins","2013","Hendecagonal (11-sided)","Stainless steel (AISI 430)","8.36","26.4","2013","2013","","1","AU","","","96.87"
"Sri Lanka","Sri Lanka","Rupee (1972-date)","10","10 Rupees","Standard circulation banknotes","1995-2006","Rectangular","Paper","","122","2004","2004","","1","","","",""
"Sri Lanka","Sri Lanka","Rupee (1972-date)","10","10 Rupees","Standard circulation banknotes","1995-2006","Rectangular","Paper","","122","2005","2005","","1","","","",""
"Sri Lanka","Sri Lanka","Rupee (1972-date)","50","50 Rupees","Standard circulation banknotes","2010-2022","Rectangular","Paper","","133","2021","2021","","1","VF","","","36.45"
"Sweden","Sweden","Krona (1873-date)","5","5 Kronor - Carl XVI Gustaf","Standard circulation coins","2016-2024","Round","Nordic gold (Copper-Aluminium-Zinc-Tin)","6.1","23.75","2016","2016","S","1","VF","","","57.24"
"Switzerland","Switzerland","Franc (1850-date)","0.1","10 Rappen (Libertas; copper-nickel)","Standard circulation coins","1879-2026","Round","Copper-nickel (75% copper, 25% nickel; non-magnetic)","3","19.15","1970","1970","","1","","","",""
"Switzerland","Switzerland","Franc (1850-date)","2","2 Francs (Helvetia standing; copper-nickel)","Standard circulation coins","1968-2026","Round","Copper-nickel (75% copper, 25% nickel)","8.8","27.4","1995","1995","B","1","","","",""
"Switzerland","Switzerland","Franc (1850-date)","10","10 Francs (8th series)","Standard circulation banknotes","1995-2013","Rectangular","Paper (cotton lint)","","126","2000","2000","","1","","","",""
"Switzerland","Switzerland","Franc (1850-date)","20","20 Francs (8th series)","Standard circulation banknotes","1994-2014","Rectangular","Paper (cotton lint)","","137","2005","2005","","1","","","",""
"Syria","Syria","First Pound (1919-2026)","5","5 Pounds (with latent image)","Standard circulation coins","2003","Round","Nickel clad steel","7.53","24.5","1424","2003","","1","VF","","","55.04"
"Syria","Syria","First Pound (1919-2026)","50","50 Syrian Pounds (Fractional serial number)","Standard circulation banknotes","2021","Rectangular","Paper (Cotton Paper)","","135","1442","2021","","1","UNC","","","56.14"
"Taiwan","Taiwan","New dollar (1949-date)","1","1 New Dollar","Standard circulation coins","1981-2023","Round","Aluminium-nickel bronze (92% Copper, 6% Nickel, 2% Aluminium)","3.8","20","86","1997","","1","AU","","","19.55"
"Tanzania","Tanzania","Shilling (1966-date)","0.05","5 Senti","Standard circulation coins","1966-1984","Dodecagonal (12-sided)","Bronze","4","23.24","1981","1981","","1","VF","","","88.06"
"Tanzania","Tanzania","Shilling (1966-date)","0.1","10 Senti","Standard circulation coins","1977-1984","Scalloped (with 10 notches)","Nickel brass","5.03","25","1981","1981","","1","VF","","","77.05"
"Tanzania","Tanzania","Shilling (1966-date)","20","20 Shilingi","Standard circulation coins","1990-1991","Equilateral curve heptagon (7-sided)","Nickel plated steel","13.1","32","1990","1990","","1","","","",""
"Tanzania","Tanzania","Shilling (1966-date)","10000","10 000 Shillings","Standard circulation banknotes","2010-2025","Rectangular","Paper","","140","","2020","","1","VF","","","375.36"
"Thailand","Thailand","Baht (1897-date)","1","1 Baht - Rama IX","Standard circulation coins","1962","Round","Copper-nickel","7.5","26.9","2505","1962","","1","","","",""
"Thailand","Thailand","Baht (1897-date)","1","1 Baht - Rama IX","Standard circulation coins","1977","Round","Copper-nickel","7","25","2520","1977","","1","","","",""
"Thailand","Thailand","Baht (1897-date)","1","1 Baht - Rama IX (Magnetic)","Standard circulation coins","2009-2017","Round","Nickel plated steel","3","20","2553","2010","","1","","","",""
"Thailand","Thailand","Baht (1897-date)","5","5 Baht - Rama IX (heavy type)","Standard circulation coins","1988-2008","Round","Copper-nickel clad copper","7.5","24","2538","1995","","1","","","",""
"Thailand","Thailand","Baht (1897-date)","10","10 Baht - Rama IX","Standard circulation coins","1988-2008","Round","Bimetallic: aluminium bronze centre in copper-nickel ring (Center [92% Copper / 6% Aluminium / 2% Nickel] / Ring [75% Copper / 25% Nickel])","8.5","26","2539","1996","","1","","","",""
"Thailand","Thailand","Baht (1897-date)","10","10 Baht - Rama IX","Standard circulation coins","1988-2008","Round","Bimetallic: aluminium bronze centre in copper-nickel ring (Center [92% Copper / 6% Aluminium / 2% Nickel] / Ring [75% Copper / 25% Nickel])","8.5","26","2549","2006","","1","XF","","","55.04"
"Thailand","Thailand","Baht (1897-date)","20","20 Baht - Rama IX (Series 12)","Standard circulation banknotes","1981","Rectangular","Paper","","139","2524","1981","","1","XF","","","102.37"
"Thailand","Thailand","Baht (1897-date)","20","20 Baht - Rama IX (Series 15)","Standard circulation banknotes","2003-2013","Rectangular","Paper","","138","","2003-2013","","1","","","",""
"Thailand","Thailand","Baht (1897-date)","20","20 Baht - Rama IX (Series 16)","Standard circulation banknotes","2013","Rectangular","Paper","","138","","2013","","1","","","",""
"Thailand","Thailand","Baht (1897-date)","20","20 Baht - Rama X (Series 17; polymer)","Standard circulation banknotes","2022-2025","Rectangular","Polymer","","138","","2022-2024","","1","VF","","","69.35"
"Thailand","Thailand","Baht (1897-date)","50","50 Baht - Rama IX (Series 16)","Standard circulation banknotes","2011-2016","Rectangular","Paper","","144","","2011-2016","","1","","","",""
"Thailand","Thailand","Baht (1897-date)","70","70 Baht - Rama IX (Reign)","Circulating commemorative banknotes","2016","Rectangular","Paper","","162","2559","2016","","1","UNC","","","770.54"
"Thailand","Thailand","Baht (1897-date)","100","100 Baht - Rama IX (Series 15; Type II)","Standard circulation banknotes","2005-2015","Rectangular","Paper","","150","","2005-2012","","1","","","",""
"Thailand","Thailand","Baht (1897-date)","1000","1000 Baht (Type 2)","Standard circulation banknotes","2005-2015","Rectangular","Paper","","162","","2005-2015","","1","","","",""
"Transnistria","Transnistria","Second rouble (1994-2000)","1","1 Rouble","Standard circulation banknotes","1994","Rectangular","Paper","","125","1994","1994","","1","","","",""
"Turkmenistan","Turkmenistan","Manat (1993-2009)","10000","10 000 Manat","Standard circulation banknotes","2000","Rectangular","Paper","","156","2000","2000","","1","VF","","",""
"Ukraine","Ukraine","Hryvnia (1996-date)","0.05","5 Kopiiok","Standard circulation coins","1992-2018","Round","Stainless steel","4.3","24","1992","1992","","1","VF","","","33.69"
"Ukraine","Ukraine","Hryvnia (1996-date)","1","1 Hryvnia","Standard circulation banknotes","2006-2018","Rectangular","Paper","","118","2014","2014","","1","UNC","","","61.64"
"United Arab Emirates","United Arab Emirates","Dirham (1973-date)","0.05","5 Fils (FAO; large type)","Circulating commemorative coins","1973-1989","Round","Bronze","3.75","22","1393","1973","","1","VF","","","41.83"
"United Arab Emirates","United Arab Emirates","Dirham (1973-date)","0.1","10 Fils (large type)","Standard circulation coins","1973-1989","Round","Bronze","7.5","27","1393","1973","","1","VF","","","55.04"
"United Arab Emirates","United Arab Emirates","Dirham (1973-date)","0.25","25 Fils (non-magnetic)","Standard circulation coins","1973-2011","Round","Copper-nickel","3.5","20","1393","1973","","1","VF","","","39.37"
"United Arab Emirates","United Arab Emirates","Dirham (1973-date)","0.25","25 Fils (non-magnetic)","Standard circulation coins","1973-2011","Round","Copper-nickel","3.5","20","1402","1982","","1","F","","","31.33"
"United Arab Emirates","United Arab Emirates","Dirham (1973-date)","0.25","25 Fils (non-magnetic)","Standard circulation coins","1973-2011","Round","Copper-nickel","3.5","20","1415","1995","","1","VF","","","25.32"
"United Arab Emirates","United Arab Emirates","Dirham (1973-date)","0.25","25 Fils (non-magnetic)","Standard circulation coins","1973-2011","Round","Copper-nickel","3.5","20","1428","2007","","1","VF","","","27.52"
"United Arab Emirates","United Arab Emirates","Dirham (1973-date)","0.5","50 Fils","Standard circulation coins","1973-1989","Round","Copper-nickel","6.57","24.85","1393","1973","","1","F","","","26.42"
"United Arab Emirates","United Arab Emirates","Dirham (1973-date)","0.5","50 Fils (non-magnetic)","Standard circulation coins","1995-2007","Equilateral curve heptagon (7-sided)","Copper-nickel","4.4","21","1419","1998","","1","VF","","","45.13"
"United Arab Emirates","United Arab Emirates","Dirham (1973-date)","0.5","50 Fils (magnetic)","Standard circulation coins","2013-2017","Equilateral curve heptagon (7-sided)","Nickel plated steel","4.15","21","1434","2013","","1","AU","","","44.03"
"United Arab Emirates","United Arab Emirates","Dirham (1973-date)","1","1 Dirham (small type; non-magnetic)","Standard circulation coins","1995-2007","Round","Copper-nickel","6.4","23.8","1415","1995","","1","VF","","","38.53"
"United Arab Emirates","United Arab Emirates","Dirham (1973-date)","1","1 Dirham (small type; non-magnetic)","Standard circulation coins","1995-2007","Round","Copper-nickel","6.4","23.8","1419","1998","","1","VF","","","29.72"
"United Arab Emirates","United Arab Emirates","Dirham (1973-date)","1","1 Dirham (small type; non-magnetic)","Standard circulation coins","1995-2007","Round","Copper-nickel","6.4","23.8","1428","2007","","1","VF","","","33.02"
"United Arab Emirates","United Arab Emirates","Dirham (1973-date)","1","1 Dirham (small type; magnetic)","Standard circulation coins","2012-2025","Round","Nickel plated steel","6.1","24","1443","2022","","1","AU","","","33.02"
"United Arab Emirates","United Arab Emirates","Dirham (1973-date)","5","5 Dirhams (15th Hijrah Century)","Circulating commemorative coins","1981","Pentadecagonal (15-sided)","Copper-nickel","14.25","32","1401","1981","","1","XF","","","1283.55"
"United Arab Emirates","United Arab Emirates","Dirham (1973-date)","5","5 Dirhams","Standard circulation banknotes","2009-2017","Rectangular","Paper","","143","1430","2009","","1","VF","","","138.75"
"United Arab Emirates","United Arab Emirates","Dirham (1973-date)","10","10 Dirhams","Standard circulation banknotes","1998-2007","Rectangular","Paper","","147","1422","2001","","1","","","",""
"United Arab Emirates","United Arab Emirates","Dirham (1973-date)","10","10 Dirhams","Standard circulation banknotes","1998-2007","Rectangular","Paper","","147","1425","2004","","1","","","",""
"United Arab Emirates","United Arab Emirates","Dirham (1973-date)","10","10 Dirhams","Standard circulation banknotes","1998-2007","Rectangular","Paper","","147","1428","2007","","2","","","",""
"United Arab Emirates","United Arab Emirates","Dirham (1973-date)","10","10 Dirhams","Standard circulation banknotes","2009-2017","Rectangular","Paper","","147","1430","2009","","1","VF","","","275.19"
"United Arab Emirates","United Arab Emirates","Dirham (1973-date)","50","50 Dirhams (Silver Arms)","Standard circulation banknotes","2004-2011","Rectangular","Paper","","151","1429","2008","","1","","","",""
"United Kingdom","Bermuda","Dollar (1970-date)","0.25","25 Cents - Elizabeth II (2nd portrait)","Standard circulation coins","1970-1985","Round","Copper-nickel (75% Copper, 25% Nickel)","5.66","23.6","1981","1981","","1","XF","","","88.44"
"United Kingdom","Bermuda","Dollar (1970-date)","0.25","25 Cents - Elizabeth II (2nd portrait)","Standard circulation coins","1970-1985","Round","Copper-nickel (75% Copper, 25% Nickel)","5.66","23.6","1981","1981","","1","VF","","","42.93"
"United Kingdom","Bermuda","Dollar (1970-date)","0.25","25 Cents - Elizabeth II (3rd portrait)","Standard circulation coins","1986-1998","Round","Copper-nickel","5.95","24.21","1988","1988","","1","XF","","","55.04"
"United Kingdom","Bermuda","Dollar (1970-date)","0.25","25 Cents - Elizabeth II (4th portrait)","Standard circulation coins","1999-2020","Round","Copper-nickel","6.01","24.29","2003","2003","","1","VF","","","51.74"
"United Kingdom","Bermuda","Dollar (1970-date)","0.5","50 Cents - Elizabeth II (2nd portrait)","Standard circulation coins","1970-1985","Round","Copper-nickel (75% Copper, 25% Nickel)","12.6","30.3","1981","1981","","1","AU","","","132.38"
"United Kingdom","Bermuda","Dollar (1970-date)","1","1 Dollar - Elizabeth II (Royal Wedding)","Non-circulating coins","1981","Round","Copper-nickel","28.28","38.61","1981","1981","","1","UNC","","","550.39"
"United Kingdom","Gibraltar","Crown Coinage (1967-date)","0.25","1 Crown - Elizabeth II (Royal Wedding)","Non-circulating coins","1981","Round","Copper-nickel","28.4","38.61","1981","1981","","1","AU","","","610.07"
"United Kingdom","Ascension Island","Pound (1976-date)","0.25","25 Pence - Elizabeth II (Royal Wedding)","Non-circulating coins","1981","Round","Copper-nickel","28.28","38.61","1981","1981","","1","UNC","","","662.66"
"United Kingdom","Turks and Caicos Islands","Crown (1969-date)","0.25","¼ Crown - Elizabeth II (2nd portrait)","Standard circulation coins","1981","Round","Copper-nickel","5.7","24.3","1981","1981","","1","AU","","","330.23"
"United Kingdom","Turks and Caicos Islands","Crown (1969-date)","0.5","½ Crown - Elizabeth II (2nd portrait)","Standard circulation coins","1981","Round","Copper-nickel","11.45","30.63","1981","1981","","1","AU","","","460.12"
"United Kingdom","England","Pound sterling (decimalized, 1971-date)","5","5 Pounds - Elizabeth II (Elizabeth Fry)","Standard circulation banknotes","2002-2016","Rectangular","Paper","","135","","2011-2016","","1","VF","","","675.81"
"United Kingdom","England","Pound sterling (decimalized, 1971-date)","5","5 Pounds - Charles III (Sir Winston Churchill; Polymer)","Standard circulation banknotes","2024","Rectangular","Polymer","","125","","","","1","UNC","","","1047.93"
"United Kingdom","England","Pound sterling (decimalized, 1971-date)","10","10 Pounds - Elizabeth II (Charles Darwin)","Standard circulation banknotes","2000-2016","Rectangular","Paper","","142","","2014-2016","","1","VF","","","1292.08"
"United Kingdom","England","Pound sterling (decimalized, 1971-date)","20","20 Pounds - Elizabeth II (Adam Smith)","Standard circulation banknotes","2007-2018","Rectangular","Paper","","149","","2014-2018","","1","VF","","","2598.36"
"United Kingdom","England","Pound sterling (decimalized, 1971-date)","50","50 Pounds - Elizabeth II (Matthew Boulton & James Watt)","Standard circulation banknotes","2011-2018","Rectangular","Paper","","156","","2011-2014","","1","VF","","","6386.67"
"United Kingdom","Scotland","Pound sterling (decimalized, 1971-date)","10","10 Pounds (Bank of Scotland)","Standard circulation banknotes","2016","Rectangular","Polymer","","132","2016","2016","","1","XF","","","1323.75"
"United Kingdom","United Kingdom","Pound sterling (decimalized, 1971-date)","0.005","½ New Penny - Elizabeth II (2nd portrait)","Standard circulation coins","1971-1981","Round","Bronze (97% Cu, 2.5% Zn, 0.5% Sn)","1.78","17.14","1981","1981","","1","UNC","","","142"
"United Kingdom","United Kingdom","Pound sterling (decimalized, 1971-date)","0.01","1 New Penny - Elizabeth II (2nd portrait)","Standard circulation coins","1971-1981","Round","Bronze (97% Cu, 2.5% Zn, 0.5% Sn)","3.56","20.3","1973","1973","","1","","","",""
"United Kingdom","United Kingdom","Pound sterling (decimalized, 1971-date)","0.01","1 New Penny - Elizabeth II (2nd portrait)","Standard circulation coins","1971-1981","Round","Bronze (97% Cu, 2.5% Zn, 0.5% Sn)","3.56","20.3","1974","1974","","1","","","",""
"United Kingdom","United Kingdom","Pound sterling (decimalized, 1971-date)","0.01","1 New Penny - Elizabeth II (2nd portrait)","Standard circulation coins","1971-1981","Round","Bronze (97% Cu, 2.5% Zn, 0.5% Sn)","3.56","20.3","1981","1981","","1","UNC","","","225.66"
"United Kingdom","United Kingdom","Pound sterling (decimalized, 1971-date)","0.01","1 Penny - Elizabeth II (3rd portrait; non-magnetic)","Standard circulation coins","1985-1992","Round","Bronze","3.56","20.3","1985","1985","","1","","","",""
"United Kingdom","United Kingdom","Pound sterling (decimalized, 1971-date)","0.01","1 Penny - Elizabeth II (3rd portrait; non-magnetic)","Standard circulation coins","1985-1992","Round","Bronze","3.56","20.3","1986","1986","","1","","","",""
"United Kingdom","United Kingdom","Pound sterling (decimalized, 1971-date)","0.01","1 Penny - Elizabeth II (3rd portrait; non-magnetic)","Standard circulation coins","1985-1992","Round","Bronze","3.56","20.3","1989","1989","","1","","","",""
"United Kingdom","United Kingdom","Pound sterling (decimalized, 1971-date)","0.02","2 New Pence - Elizabeth II (2nd portrait)","Standard circulation coins","1971-1981","Round","Bronze (97% Cu, 2.5% Zn, 0.5% Sn)","7.12","25.9","1971","1971","","1","","","",""
"United Kingdom","United Kingdom","Pound sterling (decimalized, 1971-date)","0.02","2 New Pence - Elizabeth II (2nd portrait)","Standard circulation coins","1971-1981","Round","Bronze (97% Cu, 2.5% Zn, 0.5% Sn)","7.12","25.9","1981","1981","","1","UNC","","","197.04"
"United Kingdom","United Kingdom","Pound sterling (decimalized, 1971-date)","0.02","2 Pence - Elizabeth II (4th portrait; magnetic)","Standard circulation coins","1998-2008","Round","Copper plated steel","7.12","25.9","2007","2007","","1","VF","","","13.21"
"United Kingdom","United Kingdom","Pound sterling (decimalized, 1971-date)","0.05","5 New Pence - Elizabeth II (2nd portrait)","Standard circulation coins","1968-1981","Round","Copper-nickel (75% Cu, 25% Ni)","5.65","23.59","1970","1970","","1","","","",""
"United Kingdom","United Kingdom","Pound sterling (decimalized, 1971-date)","0.05","5 New Pence - Elizabeth II (2nd portrait)","Standard circulation coins","1968-1981","Round","Copper-nickel (75% Cu, 25% Ni)","5.65","23.59","1981","1981","","1","UNC","","","298.86"
"United Kingdom","United Kingdom","Pound sterling (decimalized, 1971-date)","0.1","10 New Pence - Elizabeth II (2nd portrait)","Standard circulation coins","1968-1981","Round","Copper-nickel (75% Cu, 25% Ni)","11.3","28.5","1981","1981","","1","UNC","","","326.38"
"United Kingdom","United Kingdom","Pound sterling (decimalized, 1971-date)","0.1","10 Pence - Elizabeth II (3rd portrait; small type)","Standard circulation coins","1992-1997","Round","Copper-nickel (75% Cu, 25% Ni)","6.5","24.5","1992","1992","","1","","","",""
"United Kingdom","United Kingdom","Pound sterling (decimalized, 1971-date)","0.1","10 Pence - Elizabeth II (4th portrait; Crowned Lion)","Standard circulation coins","1998-2008","Round","Copper-nickel (75% Cu, 25% Ni)","6.5","24.5","2000","2000","","1","","","",""
"United Kingdom","United Kingdom","Pound sterling (decimalized, 1971-date)","0.25","25 New Pence - Elizabeth II (Royal Wedding)","Non-circulating coins","1981","Round","Copper-nickel (75% Cu, 25% Ni)","28.28","38.61","1981","1981","","1","UNC","","","265.29"
"United Kingdom","United Kingdom","Pound sterling (decimalized, 1971-date)","0.25","25 New Pence - Elizabeth II (Royal Wedding)","Non-circulating coins","1981","Round","Copper-nickel (75% Cu, 25% Ni)","28.28","38.61","1981","1981","","2","UNC","","","265.29"
"United Kingdom","United Kingdom","Pound sterling (decimalized, 1971-date)","0.5","50 New Pence - Elizabeth II (2nd portrait)","Standard circulation coins","1969-1981","Equilateral curve heptagon (7-sided)","Copper-nickel (75% Cu, 25% Ni)","13.5","30","1981","1981","","1","UNC","","","356.65"
"United Kingdom","United Kingdom","Pound sterling (decimalized, 1971-date)","0.5","50 Pence - Elizabeth II (Platinum Jubilee)","Non-circulating coins","2022","Equilateral curve heptagon (7-sided)","Copper-nickel (75% Cu, 25% Ni)","8","27.3","2022","2022","","1","UNC","","","912.54"
"United Kingdom","United Kingdom","Pound sterling (decimalized, 1971-date)","1","1 Pound - Elizabeth II (3rd portrait; Welsh Leek)","Circulating commemorative coins","1985-1990","Round","Nickel brass","9.5","22.5","1985","1985","","1","","","",""
"United Kingdom","United Kingdom","Pound sterling (decimalized, 1971-date)","1","1 Pound - Elizabeth II (5th portrait; Nations of the Crown)","Standard circulation coins","2016-2022","Dodecagonal (12-sided)","Bimetallic: nickel plated brass centre in nickel brass ring","8.75","23.4","2017","2017","","1","","","",""
"United Kingdom","United Kingdom","Pound sterling (decimalized, 1971-date)","1","1 Sovereign - Charles III (Silver Proof)","Non-circulating coins","2025-2026","Round","Silver (.999)","7.99","22.05","2025","2025","","1","UNC","","","16367.36"
"United Kingdom","United Kingdom","Pound sterling (decimalized, 1971-date)","2","2 Pounds - Elizabeth II (4th portrait; Abolition of Slave Trade)","Circulating commemorative coins","2007","Round","Bimetallic: copper-nickel centre in nickel brass ring","12","28.4","2007","2007","","1","","","",""
"United Kingdom","United Kingdom","Pound sterling (decimalized, 1971-date)","5","5 Pounds - Elizabeth II (Platinum Jubilee)","Non-circulating coins","2022","Round","Copper-nickel","28.28","38.61","2022","2022","","1","UNC","","","1367.16"
"United States","United States","Dollar (1785-date)","0.01","1 Cent ""Lincoln Memorial Cent"" (Bronze)","Standard circulation coins","1959-1982","Round","Bronze (95% copper, 5% zinc)","3.11","19","1972","1972","","1","F","","","8.81"
"United States","United States","Dollar (1785-date)","0.01","1 Cent ""Lincoln Memorial Cent"" (Bronze)","Standard circulation coins","1959-1982","Round","Bronze (95% copper, 5% zinc)","3.11","19","1972","1972","D","1","F","","","4.61"
"United States","United States","Dollar (1785-date)","0.01","1 Cent ""Lincoln Memorial Cent"" (Bronze)","Standard circulation coins","1959-1982","Round","Bronze (95% copper, 5% zinc)","3.11","19","1976","1976","","1","F","","","6.6"
"United States","United States","Dollar (1785-date)","0.01","1 Cent ""Lincoln Memorial Cent"" (Bronze)","Standard circulation coins","1959-1982","Round","Bronze (95% copper, 5% zinc)","3.11","19","1977","1977","","1","F","","","8.81"
"United States","United States","Dollar (1785-date)","0.01","1 Cent ""Lincoln Memorial Cent"" (Bronze)","Standard circulation coins","1959-1982","Round","Bronze (95% copper, 5% zinc)","3.11","19","1978","1978","","1","F","","","5.5"
"United States","United States","Dollar (1785-date)","0.01","1 Cent ""Lincoln Memorial Cent"" (Bronze)","Standard circulation coins","1959-1982","Round","Bronze (95% copper, 5% zinc)","3.11","19","1979","1979","","1","F","","","10.88"
"United States","United States","Dollar (1785-date)","0.01","1 Cent ""Lincoln Memorial Cent"" (Bronze)","Standard circulation coins","1959-1982","Round","Bronze (95% copper, 5% zinc)","3.11","19","1980","1980","","1","F","","","9.91"
"United States","United States","Dollar (1785-date)","0.05","5 Cents ""Jefferson Nickel"" (1st portrait)","Standard circulation coins","1938-2003","Round","Copper-nickel (75% Copper, 25% Nickel)","5","21.2","1962","1962","","1","","","",""
"United States","United States","Dollar (1785-date)","0.05","5 Cents ""Jefferson Nickel"" (1st portrait)","Standard circulation coins","1938-2003","Round","Copper-nickel (75% Copper, 25% Nickel)","5","21.2","1985","1985","P","1","","","",""
"United States","United States","Dollar (1785-date)","0.05","5 Cents ""Jefferson Nickel"" (1st portrait)","Standard circulation coins","1938-2003","Round","Copper-nickel (75% Copper, 25% Nickel)","5","21.2","1986","1986","D","1","","","",""
"United States","United States","Dollar (1785-date)","0.05","5 Cents ""Jefferson Nickel"" (1st portrait)","Standard circulation coins","1938-2003","Round","Copper-nickel (75% Copper, 25% Nickel)","5","21.2","1987","1987","P","1","","","",""
"United States","United States","Dollar (1785-date)","0.05","5 Cents ""Jefferson Nickel"" (1st portrait)","Standard circulation coins","1938-2003","Round","Copper-nickel (75% Copper, 25% Nickel)","5","21.2","1990","1990","D","1","","","",""
"United States","United States","Dollar (1785-date)","0.05","5 Cents ""Jefferson Nickel"" (1st portrait)","Standard circulation coins","1938-2003","Round","Copper-nickel (75% Copper, 25% Nickel)","5","21.2","1991","1991","D","1","VF","","","9.91"
"United States","United States","Dollar (1785-date)","0.05","5 Cents ""Jefferson Nickel"" (1st portrait)","Standard circulation coins","1938-2003","Round","Copper-nickel (75% Copper, 25% Nickel)","5","21.2","1992","1992","D","1","","","",""
"United States","United States","Dollar (1785-date)","0.05","5 Cents ""Jefferson Nickel"" (1st portrait)","Standard circulation coins","1938-2003","Round","Copper-nickel (75% Copper, 25% Nickel)","5","21.2","1996","1996","P","1","F","","","8.81"
"United States","United States","Dollar (1785-date)","0.05","5 Cents ""Jefferson Nickel"" (1st portrait)","Standard circulation coins","1938-2003","Round","Copper-nickel (75% Copper, 25% Nickel)","5","21.2","1998","1998","D","1","","","",""
"United States","United States","Dollar (1785-date)","0.05","5 Cents ""Jefferson Nickel"" (2nd portrait, Return to Monticello)","Standard circulation coins","2006-2025","Round","Copper-nickel (75% Copper, 25% Nickel)","5","21.21","2022","2022","P","1","","","",""
"United States","United States","Dollar (1785-date)","0.1","1 Dime ""Roosevelt Dime""","Standard circulation coins","1965-2025","Round","Copper-nickel clad copper (91.67% Copper, 8.33% Nickel)","2.268","17.91","1966","1966","","1","","","",""
"United States","United States","Dollar (1785-date)","0.1","1 Dime ""Roosevelt Dime""","Standard circulation coins","1965-2025","Round","Copper-nickel clad copper (91.67% Copper, 8.33% Nickel)","2.268","17.91","1967","1967","","1","","","",""
"United States","United States","Dollar (1785-date)","0.1","1 Dime ""Roosevelt Dime""","Standard circulation coins","1965-2025","Round","Copper-nickel clad copper (91.67% Copper, 8.33% Nickel)","2.268","17.91","1980","1980","P","1","","","",""
"United States","United States","Dollar (1785-date)","0.1","1 Dime ""Roosevelt Dime""","Standard circulation coins","1965-2025","Round","Copper-nickel clad copper (91.67% Copper, 8.33% Nickel)","2.268","17.91","1981","1981","P","1","","","",""
"United States","United States","Dollar (1785-date)","0.1","1 Dime ""Roosevelt Dime""","Standard circulation coins","1965-2025","Round","Copper-nickel clad copper (91.67% Copper, 8.33% Nickel)","2.268","17.91","1983","1983","D","1","","","",""
"United States","United States","Dollar (1785-date)","0.1","1 Dime ""Roosevelt Dime""","Standard circulation coins","1965-2025","Round","Copper-nickel clad copper (91.67% Copper, 8.33% Nickel)","2.268","17.91","1987","1987","P","1","","","",""
"United States","United States","Dollar (1785-date)","0.1","1 Dime ""Roosevelt Dime""","Standard circulation coins","1965-2025","Round","Copper-nickel clad copper (91.67% Copper, 8.33% Nickel)","2.268","17.91","1989","1989","D","1","","","",""
"United States","United States","Dollar (1785-date)","0.1","1 Dime ""Roosevelt Dime""","Standard circulation coins","1965-2025","Round","Copper-nickel clad copper (91.67% Copper, 8.33% Nickel)","2.268","17.91","1990","1990","D","1","","","",""
"United States","United States","Dollar (1785-date)","0.1","1 Dime ""Roosevelt Dime""","Standard circulation coins","1965-2025","Round","Copper-nickel clad copper (91.67% Copper, 8.33% Nickel)","2.268","17.91","1991","1991","P","1","","","",""
"United States","United States","Dollar (1785-date)","0.1","1 Dime ""Roosevelt Dime""","Standard circulation coins","1965-2025","Round","Copper-nickel clad copper (91.67% Copper, 8.33% Nickel)","2.268","17.91","1995","1995","P","1","","","",""
"United States","United States","Dollar (1785-date)","0.1","1 Dime ""Roosevelt Dime""","Standard circulation coins","1965-2025","Round","Copper-nickel clad copper (91.67% Copper, 8.33% Nickel)","2.268","17.91","1998","1998","D","1","","","",""
"United States","United States","Dollar (1785-date)","0.1","1 Dime ""Roosevelt Dime""","Standard circulation coins","1965-2025","Round","Copper-nickel clad copper (91.67% Copper, 8.33% Nickel)","2.268","17.91","1999","1999","P","1","","","",""
"United States","United States","Dollar (1785-date)","0.1","1 Dime ""Roosevelt Dime""","Standard circulation coins","1965-2025","Round","Copper-nickel clad copper (91.67% Copper, 8.33% Nickel)","2.268","17.91","2001","2001","D","1","","","",""
"United States","United States","Dollar (1785-date)","0.1","1 Dime ""Roosevelt Dime""","Standard circulation coins","1965-2025","Round","Copper-nickel clad copper (91.67% Copper, 8.33% Nickel)","2.268","17.91","2004","2004","D","1","","","",""
"United States","United States","Dollar (1785-date)","0.1","1 Dime ""Roosevelt Dime""","Standard circulation coins","1965-2025","Round","Copper-nickel clad copper (91.67% Copper, 8.33% Nickel)","2.268","17.91","2007","2007","D","1","AU","","","11.01"
"United States","United States","Dollar (1785-date)","0.1","1 Dime ""Roosevelt Dime""","Standard circulation coins","1965-2025","Round","Copper-nickel clad copper (91.67% Copper, 8.33% Nickel)","2.268","17.91","2007","2007","P","1","","","",""
"United States","United States","Dollar (1785-date)","0.1","1 Dime ""Roosevelt Dime""","Standard circulation coins","1965-2025","Round","Copper-nickel clad copper (91.67% Copper, 8.33% Nickel)","2.268","17.91","2008","2008","D","1","XF","","","11.59"
"United States","United States","Dollar (1785-date)","0.25","¼ Dollar ""Washington Quarter""","Standard circulation coins","1965-1998","Round","Copper-nickel clad copper","5.67","24.26","1966","1966","","1","","","",""
"United States","United States","Dollar (1785-date)","0.25","¼ Dollar ""Washington Quarter""","Standard circulation coins","1965-1998","Round","Copper-nickel clad copper","5.67","24.26","1973","1973","","1","","","",""
"United States","United States","Dollar (1785-date)","0.25","¼ Dollar ""Washington Quarter""","Standard circulation coins","1965-1998","Round","Copper-nickel clad copper","5.67","24.26","1977","1977","","1","","","",""
"United States","United States","Dollar (1785-date)","0.25","¼ Dollar ""Washington Quarter""","Standard circulation coins","1965-1998","Round","Copper-nickel clad copper","5.67","24.26","1980","1980","P","1","","","",""
"United States","United States","Dollar (1785-date)","0.25","¼ Dollar ""Washington Quarter""","Standard circulation coins","1965-1998","Round","Copper-nickel clad copper","5.67","24.26","1981","1981","P","1","XF","","","41.41"
"United States","United States","Dollar (1785-date)","0.25","¼ Dollar ""Washington Quarter""","Standard circulation coins","1965-1998","Round","Copper-nickel clad copper","5.67","24.26","1991","1991","D","1","","","",""
"United States","United States","Dollar (1785-date)","0.25","¼ Dollar ""Washington Quarter""","Standard circulation coins","1965-1998","Round","Copper-nickel clad copper","5.67","24.26","1995","1995","D","1","F","","","25.32"
"United States","United States","Dollar (1785-date)","0.25","¼ Dollar ""Washington Quarter""","Standard circulation coins","1965-1998","Round","Copper-nickel clad copper","5.67","24.26","1998","1998","P","1","","","",""
"United States","United States","Dollar (1785-date)","0.25","¼ Dollar ""Washington Quarter"" (Bicentennial)","Circulating commemorative coins","1976","Round","Copper-nickel clad copper","5.67","24.3","1976","1976","","1","VF","","","36.33"
"United States","United States","Dollar (1785-date)","0.25","¼ Dollar ""Washington Quarter"" (Pennsylvania)","Circulating commemorative coins","1999","Round","Copper-nickel clad copper","5.67","24.26","1999","1999","P","1","VF","","","35.22"
"United States","United States","Dollar (1785-date)","0.25","¼ Dollar ""Washington Quarter"" (New Jersey)","Circulating commemorative coins","1999","Round","Copper-nickel clad copper","5.67","24.26","1999","1999","P","1","VF","","","44.03"
"United States","United States","Dollar (1785-date)","0.25","¼ Dollar ""Washington Quarter"" (Georgia)","Circulating commemorative coins","1999","Round","Copper-nickel clad copper","5.67","24.26","1999","1999","P","1","XF","","","44.03"
"United States","United States","Dollar (1785-date)","0.25","¼ Dollar ""Washington Quarter"" (Connecticut)","Circulating commemorative coins","1999","Round","Copper-nickel clad copper","5.67","24.26","1999","1999","P","1","F","","","30.82"
"United States","United States","Dollar (1785-date)","0.25","¼ Dollar ""Washington Quarter"" (Maryland)","Circulating commemorative coins","2000","Round","Copper-nickel clad copper","5.67","24.26","2000","2000","P","1","F","","","33.02"
"United States","United States","Dollar (1785-date)","0.25","¼ Dollar ""Washington Quarter"" (South Carolina)","Circulating commemorative coins","2000","Round","Copper-nickel clad copper","5.67","24.26","2000","2000","P","1","VF","","","44.03"
"United States","United States","Dollar (1785-date)","0.25","¼ Dollar ""Washington Quarter"" (New Hampshire)","Circulating commemorative coins","2000","Round","Copper-nickel clad copper","5.67","24.26","2000","2000","P","1","VF","","","44.03"
"United States","United States","Dollar (1785-date)","0.25","¼ Dollar ""Washington Quarter"" (New York)","Circulating commemorative coins","2001","Round","Copper-nickel clad copper","5.67","24.26","2001","2001","P","1","VF","","","40.73"
"United States","United States","Dollar (1785-date)","0.25","¼ Dollar ""Washington Quarter"" (North Carolina)","Circulating commemorative coins","2001","Round","Copper-nickel clad copper","5.67","24.26","2001","2001","P","1","VF","","","39.63"
"United States","United States","Dollar (1785-date)","0.25","¼ Dollar ""Washington Quarter"" (Rhode Island)","Circulating commemorative coins","2001","Round","Copper-nickel clad copper","5.67","24.26","2001","2001","D","1","VF","","","46.23"
"United States","United States","Dollar (1785-date)","0.25","¼ Dollar ""Washington Quarter"" (Vermont)","Circulating commemorative coins","2001","Round","Copper-nickel clad copper","5.67","24.26","2001","2001","P","1","VF","","","37.43"
"United States","United States","Dollar (1785-date)","0.25","¼ Dollar ""Washington Quarter"" (Louisiana)","Circulating commemorative coins","2002","Round","Copper-nickel clad copper","5.67","24.26","2002","2002","D","1","XF","","","48.43"
"United States","United States","Dollar (1785-date)","0.25","¼ Dollar ""Washington Quarter"" (Illinois)","Circulating commemorative coins","2003","Round","Copper-nickel clad copper","5.67","24.26","2003","2003","P","1","VF","","","41.83"
"United States","United States","Dollar (1785-date)","0.25","¼ Dollar ""Washington Quarter"" (Alabama)","Circulating commemorative coins","2003","Round","Copper-nickel clad copper","5.67","24.26","2003","2003","D","1","VF","","","38.95"
"United States","United States","Dollar (1785-date)","0.25","¼ Dollar ""Washington Quarter"" (Florida)","Circulating commemorative coins","2004","Round","Copper-nickel clad copper","5.67","24.26","2004","2004","P","1","VF","","","41.83"
"United States","United States","Dollar (1785-date)","0.25","¼ Dollar ""Washington Quarter"" (Wisconsin)","Circulating commemorative coins","2004","Round","Copper-nickel clad copper","5.67","24.26","2004","2004","D","1","VF","","","44.03"
"United States","United States","Dollar (1785-date)","0.25","¼ Dollar ""Washington Quarter"" (California)","Circulating commemorative coins","2005","Round","Copper-nickel clad copper","5.67","24.26","2005","2005","P","1","VF","","","31.45"
"United States","United States","Dollar (1785-date)","0.25","¼ Dollar ""Washington Quarter"" (Kansas)","Circulating commemorative coins","2005","Round","Copper-nickel clad copper","5.67","24.26","2005","2005","P","1","VF","","","28.74"
"United States","United States","Dollar (1785-date)","0.25","¼ Dollar ""Washington Quarter"" (West Virginia)","Circulating commemorative coins","2005","Round","Copper-nickel clad copper","5.67","24.26","2005","2005","D","1","","","",""
"United States","United States","Dollar (1785-date)","0.25","¼ Dollar ""Washington Quarter"" (Nebraska)","Circulating commemorative coins","2006","Round","Copper-nickel clad copper","5.67","24.26","2006","2006","P","1","VF","","","44.03"
"United States","United States","Dollar (1785-date)","0.25","¼ Dollar ""Washington Quarter"" (Colorado)","Circulating commemorative coins","2006","Round","Copper-nickel clad copper","5.67","24.26","2006","2006","P","1","VF","","","44.03"
"United States","United States","Dollar (1785-date)","0.25","¼ Dollar ""Washington Quarter"" (Montana)","Circulating commemorative coins","2007","Round","Copper-nickel clad copper","5.67","24.26","2007","2007","P","1","VF","","","45.13"
"United States","United States","Dollar (1785-date)","0.25","¼ Dollar ""Washington Quarter"" (Washington)","Circulating commemorative coins","2007","Round","Copper-nickel clad copper","5.67","24.26","2007","2007","P","1","VF","","","45.13"
"United States","United States","Dollar (1785-date)","0.25","¼ Dollar ""Washington Quarter"" (Alaska)","Circulating commemorative coins","2008","Round","Copper-nickel clad copper","5.67","24.26","2008","2008","P","1","VF","","","40.73"
"United States","United States","Dollar (1785-date)","0.25","¼ Dollar ""Washington Quarter"" (Perry's Victory, Ohio)","Circulating commemorative coins","2013","Round","Copper-nickel clad copper","5.67","24.26","2013","2013","D","1","VF","","","54.65"
"United States","United States","Dollar (1785-date)","0.25","¼ Dollar ""Washington Quarter"" (Arches National Park, Utah)","Circulating commemorative coins","2014","Round","Copper-nickel clad copper","5.67","24.26","2014","2014","D","1","VF","","","31.92"
"United States","United States","Dollar (1785-date)","0.5","½ Dollar ""Kennedy Half Dollar""","Standard circulation coins","1971-2025","Round","Copper-nickel clad copper (91.67% Copper, 8.33% Nickel)","11.34","30.61","1974","1974","","1","XF","","","96.09"
"United States","United States","Dollar (1785-date)","0.5","½ Dollar ""Kennedy Half Dollar""","Standard circulation coins","1971-2025","Round","Copper-nickel clad copper (91.67% Copper, 8.33% Nickel)","11.34","30.61","1981","1981","D","1","F","","","53.08"
"United States","United States","Dollar (1785-date)","0.5","½ Dollar ""Kennedy Half Dollar""","Standard circulation coins","1971-2025","Round","Copper-nickel clad copper (91.67% Copper, 8.33% Nickel)","11.34","30.61","1981","1981","P","1","XF","","","78.86"
"United States","United States","Dollar (1785-date)","0.5","½ Dollar ""Kennedy Half Dollar""","Standard circulation coins","1971-2025","Round","Copper-nickel clad copper (91.67% Copper, 8.33% Nickel)","11.34","30.61","1983","1983","D","1","XF","","","92.53"
"United States","United States","Dollar (1785-date)","0.5","½ Dollar ""Kennedy Half Dollar""","Standard circulation coins","1971-2025","Round","Copper-nickel clad copper (91.67% Copper, 8.33% Nickel)","11.34","30.61","1994","1994","P","1","XF","","","55.04"
"United States","United States","Dollar (1785-date)","0.5","½ Dollar ""Kennedy Half Dollar"" (Bicentennial)","Circulating commemorative coins","1976","Round","Copper-nickel clad copper","11.34","30.61","1976","1976","","1","XF","","","154.11"
"United States","United States","Dollar (1785-date)","1","1 Dollar ""Eisenhower Dollar"" (Bicentennial)","Circulating commemorative coins","1976","Round","Copper-nickel clad copper","22.68","38.1","1976","1976","","1","VF","","","226.53"
"United States","United States","Dollar (1785-date)","1","1 Dollar ""Susan B. Anthony Dollar""","Standard circulation coins","1979-1999","Round","Copper-nickel clad copper","8.1","26.5","1979","1979","D","1","","","",""
"United States","United States","Dollar (1785-date)","1","1 Dollar ""Susan B. Anthony Dollar""","Standard circulation coins","1979-1999","Round","Copper-nickel clad copper","8.1","26.5","1981","1981","D","1","AU","","","286.2"
"United States","United States","Dollar (1785-date)","1","1 Dollar ""Sacagawea Dollar""","Standard circulation coins","2000-2008","Round","Manganese brass clad copper (Cladding: 77% Copper, 12% Zinc, 7% Manganese, 4% Nickel; Core: 100% Copper)","8.1","26.5","2000","2000","D","1","","","",""
"United States","United States","Dollar (1785-date)","1","1 Dollar (John Adams)","Circulating commemorative coins","2007","Round","Manganese brass clad copper","8.1","26.5","2007","2007","D","1","VG","","","106.31"
"United States","United States","Dollar (1785-date)","1","1 Dollar (Abraham Lincoln)","Circulating commemorative coins","2010","Round","Manganese brass clad copper","8.1","26.5","2010","2010","D","1","","","",""
"United States","United States","Dollar (1785-date)","1","1 Dollar (Harry S. Truman)","Non-circulating coins","2015","Round","Manganese brass clad copper","8.1","26.5","2015","2015","D","1","F","","",""
"United States","United States","Dollar (1785-date)","1","1 Dollar (Federal Reserve Note)","Standard circulation banknotes","1963-2021","Rectangular","Paper (75% cotton, 25% linen)","","156","1988","1988","","1","","","",""
"United States","United States","Dollar (1785-date)","1","1 Dollar (Federal Reserve Note)","Standard circulation banknotes","1963-2021","Rectangular","Paper (75% cotton, 25% linen)","","156","2006","2006","","2","VF","","","102.85"
"United States","United States","Dollar (1785-date)","1","1 Dollar (Federal Reserve Note)","Standard circulation banknotes","1963-2021","Rectangular","Paper (75% cotton, 25% linen)","","156","2006","2006","","1","","","",""
"United States","United States","Dollar (1785-date)","1","1 Dollar (Federal Reserve Note)","Standard circulation banknotes","1963-2021","Rectangular","Paper (75% cotton, 25% linen)","","156","2013","2013","","1","","","",""
"United States","United States","Dollar (1785-date)","2","2 Dollars (Federal Reserve Note)","Standard circulation banknotes","1976-2017","Rectangular","Paper (25% linen, 75% cotton)","","156","2003","2003","","1","","","",""
"United States","United States","Dollar (1785-date)","5","5 Dollars (Federal Reserve Note; large portrait)","Standard circulation banknotes","1999-2006","Rectangular","Paper (75% Cotton, 25% Linen)","","156","1999","1999","","1","VF","","",""
"United States","United States","Dollar (1785-date)","5","5 Dollars (Federal Reserve Note; colored)","Standard circulation banknotes","2006-2021","Rectangular","Paper","","156","2013","2013","","1","VF","","","514.06"
"Uruguay","Uruguay","Nuevo peso (1975-1993)","0.1","10 Centésimos","Standard circulation coins","1976-1981","Dodecagonal (12-sided)","Aluminium bronze","3","19","1981","1981","So","1","XF","","","56.46"
"Uruguay","Uruguay","Nuevo peso (1975-1993)","0.2","20 Centésimos","Standard circulation coins","1976-1981","Dodecagonal (12-sided)","Aluminium bronze","5","22","1981","1981","So","1","UNC","","","99.07"
"Uruguay","Uruguay","Nuevo peso (1975-1993)","0.5","50 Centésimos","Standard circulation coins","1976-1981","Dodecagonal (12-sided)","Aluminium bronze","7","25.5","1981","1981","So","1","UNC","","","110.08"
"Uruguay","Uruguay","Nuevo peso (1975-1993)","2","2 Nuevos Pesos (FAO)","Circulating commemorative coins","1981","Dodecagonal (12-sided)","Copper-nickel","7.1","25.04","1981","1981","","1","VF","","","74.85"
"Uruguay","Uruguay","Nuevo peso (1975-1993)","5","5 Nuevos Pesos","Standard circulation coins","1980-1981","Round","Copper-nickel","7.9","26","1981","1981","So","1","VF","","","55.04"
"Uzbekistan","Uzbekistan","Second soʻm (1994-date)","100","100 Soʻm","Standard circulation banknotes","1994","Rectangular","Paper","","142","1994","1994","","1","UNC","","","88.11"
"Vatican City","Vatican City","Lira (1929-2001)","50","50 Lire - John Paul II (Baptism)","Circulating commemorative coins","1991","Round","Acmonital","2.7","16.3","1991","1991","R","1","AU","","","128.26"
"Venezuela","Venezuela","Bolivar (1879-2007)","2","2 Bolívares","Standard circulation coins","1989-1990","Round","Nickel clad steel","7.5","27","1989","1989","","1","VF","","","22.02"
"Venezuela","Venezuela","Bolivar Fuerte (2008-2018)","10","10 Bolívares","Standard circulation banknotes","2007-2014","Rectangular","Paper","","156","2014","2014","","1","UNC","","","88.06"
"Vietnam","Vietnam","Second new đồng (1985-date)","200","200 Đồng","Standard circulation coins","2003","Round","Nickel plated steel","3.2","20","2003","2003","","1","AU","","","77.05"
"Vietnam","Vietnam","Second new đồng (1985-date)","1000","1000 Đồng","Standard circulation banknotes","1989","Rectangular","Paper","","134","1988","1989","","1","UNC","","","67.15"
"Vietnam","Vietnam","Second new đồng (1985-date)","1000","1000 Đồng","Standard circulation banknotes","1989","Rectangular","Paper","","134","1988","1989","","1","F","","","31.25"
"Vietnam","Vietnam","Second new đồng (1985-date)","2000","2000 Đồng","Standard circulation banknotes","1989","Rectangular","Paper","","133","1988","1989","","1","VF","","","78.15"
"Vietnam","Vietnam","Second new đồng (1985-date)","20000","20 000 Đồng","Standard circulation banknotes","2006-2025","Rectangular","Polymer (2006-2023: printed on Guardian™; 2024- Q&amp;T Hi-tech Polymer)","","137.5","","","","1","VF","","",""
"Vietnam","Vietnam","Second new đồng (1985-date)","100000","100 000 Đồng","Standard circulation banknotes","2004-2025","Rectangular","Polymer (Guardian®)","","144","2023","2023","","1","VF","","",""
"Western African States","Western African States","CFA franc (1958-date)","25","25 Francs CFA (FAO)","Circulating commemorative coins","1980-2026","Round","Aluminium bronze","8","27","1981","1981","","1","XF","","","110.36"
"Western African States","Western African States","CFA franc (1958-date)","5000","5000 Francs","Standard circulation banknotes","2003-2026","Rectangular","Paper","","140","2017","2017","","1","F","","",""
"Yemen","North Yemen","Rial (decimalized, 1974-1990)","1","1 Rial","Standard circulation coins","1976-1985","Round","Copper-nickel (75% Copper, 25% Nickel)","8","28","1396","1976","","1","","","",""
"Yemen","Yemen","Rial (1990-date)","10","10 Rials","Standard circulation coins","1995-2009","Round","Stainless steel","6.05","26","1416","1995","","1","VF","","","77.05"
"Yemen","Yemen","Rial (1990-date)","10","10 Rials","Standard circulation coins","1995-2009","Round","Stainless steel","6.05","26","1424","2003","","1","XF","","","92.8"
"Yemen","Yemen","Rial (1990-date)","10","10 Rials","Standard circulation coins","1995-2009","Round","Stainless steel","6.05","26","1430","2009","","1","XF","","","81.46"
"Yemen","Yemen","Rial (1990-date)","20","20 Rials","Standard circulation coins","2004","Round","Bimetallic: brass plated steel centre in stainless steel ring","7.1","29.85","1425","2004","","1","VF","","","151.91"
"Yemen","Yemen","Rial (1990-date)","20","20 Rials","Standard circulation coins","2006","Round","Stainless steel","6.62","30","1427","2006","","1","VF","","","125.55"
"Yemen","Yemen, People's Democratic Republic of","Dinar (1967-1996)","0.1","100 Fils","Standard circulation coins","1981","Octagonal (8-sided)","Copper-nickel","10","23.1","1981","1981","","1","F","","","154.11"
"Yemen","Yemen, People's Democratic Republic of","Dinar (1967-1996)","0.25","250 Fils","Standard circulation coins","1981","Round","Copper-nickel","11.2","31","1981","1981","","1","F","","","227.78"
"Yugoslavia","Yugoslavia","Hard dinar (1966-1989)","2","2 Dinara","Standard circulation coins","1971-1981","Round","Nickel brass (70% Copper, 18% Zinc, 12% Nickel)","5","24.5","1981","1981","","1","VF","","","16.51"
"Yugoslavia","Yugoslavia","Hard dinar (1966-1989)","10","10 Dinara","Standard circulation coins","1976-1981","Round","Copper-nickel (70% Cu, 18% Zn, 12% Ni)","10","30","1981","1981","","1","XF","","","32.61"
"Yugoslavia","Yugoslavia","Hard dinar (1966-1989)","1000","1000 Dinara","Standard circulation banknotes","1974-1981","Rectangular","Paper","","162","1981","1981","","1","G","","","60.69"
"Zambia","Zambia","Kwacha (1968-2012)","10","10 Kwacha","Standard circulation banknotes","1980-1988","Rectangular","Paper","","143","","1986-1988","","1","UNC","","","83.66"
"Zambia","Zambia","Kwacha (2013-date)","0.05","5 Ngwee","Standard circulation coins","2012-2017","Round","Nickel plated steel","2.5","19","2014","2014","","1","XF","","",""
"Zambia","Zambia","Kwacha (2013-date)","0.5","50 Ngwee (Brass plated steel)","Standard circulation coins","2012-2017","Round","Brass plated steel","3.5","21","2012","2012","","1","VF","","","62.74"
"Zambia","Zambia","Kwacha (2013-date)","0.5","50 Ngwee (Brass plated steel)","Standard circulation coins","2012-2017","Round","Brass plated steel","3.5","21","2013","2013","","1","VF","","","110.08"
"Zimbabwe","Rhodesia","Dollar (1970-1980)","0.005","½ Cent","Standard circulation coins","1970-1977","Round","Bronze","3","20.2","1970","1970","","1","AU","","","146.99"
"Zimbabwe","Rhodesia","Dollar (1970-1980)","0.01","1 Cent","Standard circulation coins","1970-1977","Round","Bronze","4","22.4","1971","1971","","1","XF","","","130.99"
